My opinion on mediums where ideas and views on a particular issue can be exchanged?,Added
What do you call a nun in a wheelchair?,Added
My dad died in front of me,Added
I hate how you cant even say black paint anymore,Added
what do you give a gorilla standing in front of you?,Added
Barack and George walked into the White House...,Added
Did you know that pigeons die shortly after mating?,Added
What do you call a nun in a wheelchair?,Added
I hate how you cant even say black paint anymore,Added
My dad died in front of me,Added
My opinion on mediums where ideas and views on a particular issue can be exchanged?,Added
what do you give a gorilla standing in front of you?,Added
Barack and George walked into the White House...,Added
Did you know that pigeons die shortly after mating?,Added
Did you know that pigeons die shortly after mating?,Added
