clonuses,Is not Added
prehazard,Is not Added
frate,Is not Added
flank company,Is not Added
jasminelike,Is not Added
senorita,Exists
torch staff,Is not Added
alternative vote,Is not Added
nonremittable,Is not Added
military insignia,Is not Added
recording instrument,Is not Added
re-collection,Is not Added
dream work,Is not Added
blister,Exists
brainy,Exists
cabbage root fly,Is not Added
attribution,Exists
assistor,Is not Added
nontopographical,Is not Added
unpractised,Exists
horsiest,Is not Added
combination button,Is not Added
hyperpyrexia,Exists
astroloma,Added
astroloma,Added
astroloma,Added
astroloma,Added
astroloma,Added
astroloma,Added
astroloma,Added
astroloma,Added
astroloma,Exists
astroloma,Exists
astroloma,Exists
astroloma,Exists
astroloma,Exists
astroloma,Exists
astroloma,Exists
astroloma,Exists
astroloma,Exists
astroloma,Exists
astroloma,Exists
astroloma,Exists
astroloma,Exists
astroloma,Exists
astroloma,Exists
astroloma,Exists
astroloma,Exists
astroloma,Exists
astroloma,Exists
astroloma,Exists
astroloma,Exists
astroloma,Exists
astonish,Exists
calpacked,Is not Added
cranston,Is not Added
memory image,Added
st-ouen,Is not Added
familial immunity,Is not Added
sales incentive,Added
headsheet,Is not Added
chimney pot,Is not Added
euonymus radicans vegetus,Added
litigation,Exists
hallo,Is not Added
ballast-crushing,Is not Added
antipsalmist,Is not Added
happen together,Is not Added
retrieved,Is not Added
nan,Exists
capacitive,Exists
south arabia,Is not Added
transcutaneous,Exists
pyretotherapy,Is not Added
tin-pottery,Is not Added
auguste comte,Added
circuit rider,Is not Added
nonsalinity,Is not Added
gunny-bag,Is not Added
unresistive,Is not Added
coker,Is not Added
red fox,Added
high-powered,Added
shakuhachi,Is not Added
most frequently,Is not Added
shelf catalogue,Is not Added
scipio africanus major,Added
glass decorator,Is not Added
precooled,Exists
u.s. army criminal investigation laboratory,Added
uncontrastable,Is not Added
indebtedness,Exists
marabunta,Is not Added
binding twine,Is not Added
yellow-leaved,Is not Added
sea kidney,Is not Added
window trim,Is not Added
moon-shaped,Is not Added
orchidectomy,Exists
tubicorn,Is not Added
cunene,Is not Added
headshrinker,Is not Added
natural shape,Added
