sally out,Added
try it on,Added
tie up,Added
tie in with,Added
start out to,Added
chase down,Added
fur up,Added
remind of,Added
toy with,Added
kick over,Added
lie with,Added
plump out,Added
drink to,Added
reel in,Added
veg out,Added
clap in,Added
live through,Added
grub up,Added
grow on,Added
walk away,Added
slice up,Added
taper off,Added
check against,Added
wear off,Added
have in for,Added
fall off,Added
count upon,Added
build upon,Added
wake up,Added
spaff away,Added
fling off,Added
fit up,Added
mark up,Added
root around,Added
do over,Added
stick out,Added
breathe in,Added
pin down,Added
rat through,Added
clock up,Added
proceed from,Added
pair off,Added
tear at,Added
turn away from,Added
talk away,Added
breeze along,Added
cut down,Added
pull through,Added
proceed against,Added
plow on,Added
cut away,Added
peel away,Added
work towards,Added
butter up,Added
start up,Added
sign into,Added
pay down,Added
belt out,Added
stumble into,Added
snarl up,Added
plead out,Added
be taken aback,Added
show over,Added
conk out,Added
change into,Added
muscle out,Added
send out for,Added
start out,Added
key to,Added
write away,Added
zone out,Added
sleep together,Added
waltz off with,Added
stock up,Added
hype up,Added
strike at,Added
zonk out,Added
run over,Added
ask about,Added
squeeze out,Added
set down,Added
spark up,Added
barge in,Added
cut back,Added
cone off,Added
fire off,Added
root for,Added
disagree with,Added
pay off,Added
lock in on,Added
pad out,Added
get by with,Added
plug in,Added
crack down on,Added
set about,Added
cool off,Added
gun down,Added
feel up,Added
hear about,Added
pass away,Added
spark off,Added
settle up,Added
rain off,Added
rope off,Added
pitch in,Added
give away,Added
divvy out,Added
pay in,Added
stop behind,Added
stir in,Added
stretch to,Added
start back,Added
whip out of,Added
batter down,Added
wall in,Added
hammer into,Added
bring along,Added
stand out for,Added
be down on,Added
sign in,Added
wave off,Added
drag up,Added
yack on,Added
flood out,Added
clear out,Added
rally around,Added
plod along,Added
stow away,Added
duck out of,Added
set back,Added
get round to,Added
team up,Added
go at,Added
defer to,Added
dash down,Added
chuck away,Added
pass as,Added
slip down,Added
ask after,Added
know from,Added
shop around,Added
keep up with,Added
improve on,Added
hand back,Added
gee up,Added
spew out,Added
bail up,Added
cloud over,Added
hang out for,Added
choke off,Added
cut through,Added
put down for,Added
foul up,Added
balance out,Added
descend from,Added
come up with,Added
gear up,Added
buy into,Added
pad down,Added
crack onto,Added
suit up,Added
wait up!,Added
film over,Added
sleep over,Added
scoot over,Added
duck out,Added
carry on,Added
steam up,Added
stick together,Added
melt down,Added
set off,Added
drill into,Added
play on,Added
spiff up,Added
trigger off,Added
coop up,Added
move towards,Added
dive in,Added
toss out,Added
starve out,Added
hang it up,Added
flash on,Added
steal up,Added
slosh around,Added
be in,Added
fess up to,Added
cut off,Added
fuck around,Added
sound out,Added
embark upon,Added
shy away from,Added
tart up,Added
bang around,Added
pin up,Added
drug up,Added
hold with,Added
fall for,Added
cop it,Added
talk down to,Added
swan about,Added
strip away,Added
grow from,Added
clown about,Added
bang on about,Added
grasp at,Added
see to,Added
pump out,Added
happen along,Added
jump into,Added
spin round,Added
give over!,Added
go along with,Added
splash out,Added
snap up,Added
chalk out,Added
lash out on,Added
call on,Added
work around,Added
get on with,Added
come out in,Added
plant up,Added
thump out,Added
hoon around,Added
stumble across,Added
see through,Added
whip into,Added
lie about,Added
take it,Added
look for,Added
get it on,Added
fluff out,Added
reckon on,Added
keep at,Added
zero out,Added
fall out,Added
rake through,Added
take in,Added
shine through,Added
light upon,Added
step down,Added
wave aside,Added
hanker for,Added
front for,Added
pay back,Added
tally up,Added
keel over,Added
make for,Added
call after,Added
chance on,Added
point out,Added
straighten out,Added
gobble up,Added
impress on,Added
wiggle out,Added
flare off,Added
go below,Added
see over,Added
cotton on,Added
light on,Added
hack off,Added
thrash out,Added
log on,Added
creep into,Added
close on,Added
flood back,Added
squeeze up,Added
round on,Added
cheer on,Added
snuff out,Added
sell on,Added
dredge up,Added
howl down,Added
save up,Added
pan out,Added
end with,Added
come across,Added
peel out,Added
walk back from,Added
dub out,Added
chuck in,Added
collect up,Added
snitch on,Added
agree with,Added
square off against,Added
bleed out,Added
shake up,Added
reason out,Added
come up to,Added
drink up,Added
witness to,Added
level out,Added
wash off,Added
wait out,Added
ring off,Added
call in,Added
fool around with,Added
wrap up,Added
put aside,Added
suck up,Added
leap out at,Added
pay into,Added
manage up,Added
reside in,Added
tack onto,Added
shade in,Added
bear up under,Added
sit around,Added
gad about,Added
scrub up,Added
max out,Added
fly into,Added
zip it,Added
copy down,Added
act on,Added
map onto,Added
clamp down on,Added
suck in,Added
fill out,Added
egg on,Added
shade into,Added
set on,Added
add on,Added
wiggle out of,Added
sidle up to,Added
bubble over,Added
section off,Added
crank out,Added
boil away,Added
railroad through,Added
press into,Added
fall back,Added
pick apart,Added
roll over,Added
cut up,Added
scare away,Added
hot up,Added
toss down,Added
sit down,Added
rush through,Added
play away,Added
heal up,Added
go forward,Added
flame out,Added
ramble on,Added
clock in at,Added
yell out,Added
gear to,Added
sleep off,Added
zip around,Added
creep in,Added
face about,Added
jack around,Added
steal up on,Added
pass up,Added
bring forward,Added
rise above,Added
come upon,Added
try for,Added
cart off,Added
show off,Added
ghost away,Added
fatten up,Added
get across,Added
go forth,Added
sock in,Added
aim at,Added
power up,Added
broaden out,Added
laugh off,Added
speak out,Added
blot up,Added
bliss out,Added
bite into,Added
charge up,Added
put before,Added
take over,Added
chew over,Added
go into,Added
bung up,Added
heat up,Added
have up,Added
get it on with,Added
share in,Added
come down to,Added
divvy up,Added
wander off,Added
put on,Added
operate on,Added
draw back,Added
put forward,Added
gag for,Added
scar over,Added
peck at,Added
plug away,Added
yammer on,Added
be down with,Added
urge on,Added
talk to,Added
stand against,Added
bundle off,Added
be after,Added
connect up,Added
warm through,Added
play around,Added
hide behind,Added
watch for,Added
wait behind,Added
sort out,Added
double over,Added
lark it up,Added
build on,Added
kid around,Added
fasten up,Added
cuddle up,Added
crack down,Added
stash away,Added
breeze through,Added
loosen up,Added
strip out,Added
fuel up,Added
prise out of,Added
count towards,Added
be out to,Added
try out,Added
pop down to,Added
prey upon,Added
give up on,Added
put down as,Added
stand in,Added
stub out,Added
chip away at,Added
opt in,Added
tail away,Added
hack into,Added
get around to,Added
poop out,Added
call upon,Added
depart from,Added
warn off,Added
throttle up,Added
flow from,Added
file for,Added
carried away,Added
figure out,Added
ball up,Added
piss off,Added
fool about,Added
look to,Added
branch off,Added
rub out,Added
break in,Added
wait up,Added
fill in on,Added
pin on,Added
dig around,Added
talk out,Added
step up,Added
put about,Added
bed down,Added
step to,Added
turn in on,Added
pump in,Added
repair to,Added
end up,Added
force down,Added
turn up,Added
share out,Added
pump into,Added
come in at,Added
hew to,Added
clump together,Added
stop by,Added
stumble upon,Added
plow back,Added
eat away at,Added
wipe out,Added
catch up,Added
sit on,Added
be on,Added
fart about,Added
chuck up,Added
get it off,Added
come in,Added
power off,Added
cave in,Added
put under,Added
count down,Added
mail off,Added
gang up against,Added
pootle along,Added
be onto,Added
toss back,Added
brush aside,Added
write out,Added
grind up,Added
auction off,Added
let up,Added
buzz around,Added
lock onto,Added
give out to,Added
try back,Added
mistake for,Added
nod off,Added
string up,Added
buy up,Added
run in,Added
nag at,Added
tuck away,Added
tell against,Added
carry through,Added
sweep through,Added
invite round,Added
knock about,Added
walk away with,Added
level off,Added
ask around,Added
log off,Added
join up,Added
bone up on,Added
tide over,Added
quit on,Added
rough up,Added
grow out of,Added
get down to,Added
bear with,Added
drop around,Added
touch off,Added
be down,Added
whittle away,Added
take for,Added
burst in on,Added
drive up,Added
bunk off,Added
issue forth,Added
pass to,Added
beam down,Added
bog in,Added
spell out,Added
go up to,Added
fall in with,Added
scrape back,Added
do up,Added
bubble up,Added
gain on,Added
bang on,Added
strike up,Added
double down on,Added
rustle up,Added
board over,Added
meet with,Added
play along,Added
go out to,Added
fob off on,Added
give off,Added
strip down,Added
tap up,Added
box off,Added
drop by,Added
slap on,Added
ride on,Added
name for,Added
show up,Added
start off on,Added
come up,Added
weigh in,Added
weigh in on,Added
tack on,Added
block up,Added
blow away,Added
breed out,Added
blot out,Added
bitch up,Added
pull out,Added
be up for,Added
kiss away,Added
move in,Added
clown around,Added
slob around,Added
hit up,Added
draw off,Added
look in on,Added
bale out,Added
push on,Added
spoil for,Added
sign up,Added
weigh down on,Added
tap into,Added
wade in,Added
strip to,Added
fuss over,Added
change around,Added
wrap around,Added
step out,Added
grow up on,Added
stand down,Added
pull on,Added
hold forth,Added
sniff round,Added
order in,Added
live together,Added
drive away,Added
slough off,Added
catch up in,Added
doss around,Added
key in on,Added
take apart,Added
come over to,Added
order around,Added
relieve of,Added
front onto,Added
steam off,Added
brush down,Added
accord with,Added
smoke out,Added
stiffen up,Added
cross up,Added
muddle along,Added
stick around,Added
go over to,Added
live in,Added
stay together,Added
carve up,Added
get round,Added
come down upon,Added
pal around,Added
goof off,Added
chip off,Added
bug off!,Added
strip of,Added
strike out,Added
take upon,Added
cater to,Added
lay in,Added
blow down,Added
pull yourself together,Added
type out,Added
be to do with,Added
come away,Added
get out!,Added
pour into,Added
do with,Added
grapple with,Added
interfere with,Added
dive into,Added
sign out,Added
swear by,Added
empty out,Added
hive off,Added
serve out,Added
frost over,Added
be out,Added
wait in,Added
trick out,Added
salt away,Added
scrape together,Added
bring up against,Added
turn to,Added
drop off,Added
pour forth,Added
preside over,Added
catch out,Added
whip through,Added
alight on,Added
rise up,Added
shake down,Added
hunt down,Added
press for,Added
shove around,Added
rule out of,Added
stay out of,Added
hold out for,Added
saw down,Added
log into,Added
hem in,Added
have around,Added
talk up,Added
whisk off,Added
vote through,Added
swear to,Added
give yourself up to,Added
find for,Added
come down,Added
rain down on,Added
go out,Added
gun for,Added
dig up,Added
pry out,Added
savour of,Added
pave over,Added
edit out,Added
stand out against,Added
butt up,Added
wind down,Added
bite off,Added
run along,Added
see in,Added
scrape along,Added
kill off,Added
crap on,Added
get on,Added
pick up,Added
sweep up,Added
silt up,Added
pitch for,Added
bristle with,Added
bomb out,Added
go ahead with,Added
peg back,Added
swear off,Added
wait about,Added
spike up,Added
take against,Added
freeze up,Added
ache for,Added
cruise through,Added
insure against,Added
clean off,Added
cry off,Added
mark down as,Added
stand for,Added
ice over,Added
coast along,Added
turn into,Added
bow to,Added
work in,Added
come around to,Added
stand out,Added
eye up,Added
kick about,Added
let out,Added
have it away,Added
seep away,Added
make up for,Added
wish away,Added
hutch up,Added
buckle under,Added
play down,Added
mash up,Added
sift out,Added
issue from,Added
break out,Added
store up,Added
reduce to,Added
plonk down,Added
get round (around) to,Added
sit in for,Added
club together,Added
pitch against,Added
cordon off,Added
stick at,Added
boil over,Added
sail through,Added
sweep back,Added
slope off,Added
speak up for,Added
mail out,Added
fall away,Added
hand over,Added
come together,Added
firm up,Added
quieten down,Added
hang around with,Added
reel out,Added
tidy away,Added
let down,Added
plunge into,Added
cop out,Added
dob in,Added
flip over,Added
roll on,Added
build around,Added
ship off,Added
hover around,Added
beaver away,Added
knock back,Added
chalk up to,Added
show through,Added
have got against,Added
pluck up,Added
sound off,Added
settle into,Added
tease out,Added
check up on,Added
come back,Added
go past,Added
let into,Added
text out,Added
take through,Added
read out,Added
muck in,Added
drill down,Added
force out of,Added
dub over,Added
stick on,Added
sweep along,Added
eat in,Added
nut out,Added
follow up,Added
haul in,Added
arse around,Added
zip by,Added
tone in with,Added
shout out,Added
lust after,Added
drum out,Added
sniff out,Added
leave behind,Added
zone in,Added
strike on,Added
stir into,Added
pass off,Added
brush off,Added
count with,Added
sally forth,Added
board out,Added
shell out,Added
pine away,Added
whistle at,Added
chop up,Added
clear off,Added
frighten off,Added
factor in,Added
drink down,Added
get across to,Added
hang on,Added
notch up,Added
dig in,Added
owe to,Added
stand between,Added
butt in,Added
fence in,Added
wish for,Added
embark on,Added
lie around,Added
trade off,Added
feast on,Added
peg it,Added
be not on,Added
come through with,Added
blank out,Added
keep from,Added
make out,Added
cast up,Added
count up,Added
log in,Added
drag out,Added
dish out,Added
gulp back,Added
blend in,Added
hitch up,Added
put round,Added
pass on,Added
gloss over,Added
close in on,Added
draw upon,Added
slobber over,Added
kick in the teeth,Added
account for,Added
tire of,Added
knock over,Added
plough ahead,Added
big up,Added
ratchet up,Added
run up against,Added
play out,Added
go by,Added
have it in for,Added
break out of,Added
plant over,Added
tag with,Added
tell of,Added
pencil in,Added
chime with,Added
strike upon,Added
get ahead of,Added
nose into,Added
tee off on,Added
pull into,Added
cut in,Added
prey on,Added
stay up,Added
scale up,Added
stick out for,Added
subscribe for,Added
divide off,Added
push over,Added
get along in,Added
go with,Added
base on,Added
grind away,Added
try out for,Added
call back,Added
cut across,Added
scout out,Added
live off,Added
drop away,Added
pick up on,Added
doss down,Added
buck up,Added
slow down,Added
look up,Added
fill up,Added
have against,Added
drag out of,Added
count off,Added
filter out,Added
yield up,Added
build up,Added
zero in on,Added
wear out,Added
fasten down,Added
labour under,Added
beat up,Added
lead off,Added
sponge down,Added
stick down,Added
word up!,Added
scare off,Added
have in,Added
go through with,Added
fade in,Added
hang in there,Added
slip into,Added
rush into,Added
tangle up,Added
capitalize on,Added
box up,Added
live it up,Added
front off,Added
check over,Added
brush up,Added
wade through,Added
check in,Added
clean out,Added
call away,Added
lash out,Added
elbow out,Added
doll up,Added
throw on,Added
heave up,Added
pass back,Added
herd together,Added
scuzz up,Added
tune in to,Added
swing by,Added
bum around,Added
link up with,Added
mill around,Added
polish up,Added
stand around,Added
win over,Added
plate up,Added
speak up,Added
run up,Added
give over,Added
gross up,Added
saddle up,Added
sit in,Added
make off,Added
join in,Added
crease up,Added
cleave to,Added
ring with,Added
spit out,Added
weed out,Added
run out,Added
queer up,Added
phone back,Added
bog down,Added
dole out,Added
go on at,Added
puff up,Added
cool down,Added
boil up,Added
get up to,Added
mug up,Added
drone on,Added
go without,Added
treat with,Added
play off,Added
laze away,Added
look into,Added
soak up,Added
clamp down,Added
stay away,Added
wait around,Added
invite over,Added
lash out at,Added
take aside,Added
scrape by,Added
shrug off,Added
cop off,Added
dial down,Added
jam on,Added
winkle out,Added
book in,Added
sex up,Added
dig into,Added
dip out,Added
scrape through,Added
clock on,Added
stomp on,Added
pull off,Added
get out,Added
boss around,Added
gather in,Added
flame up,Added
rap out,Added
break off,Added
blast off,Added
train up,Added
hold out against,Added
pine for,Added
reel off,Added
whip up,Added
screw up,Added
get after,Added
take down,Added
lie down,Added
toss for,Added
sit about,Added
weigh on,Added
tip up,Added
pack in,Added
punch out,Added
catch at,Added
roll back,Added
vote in,Added
put away,Added
gather up,Added
trudge through,Added
chuck out,Added
launch into,Added
find out,Added
beef up,Added
descend on,Added
pop out,Added
back out of,Added
scrub out,Added
look in,Added
hack up,Added
jack up,Added
rat out,Added
fuck over,Added
talk around,Added
give up,Added
belong to,Added
send away for,Added
rat on,Added
flog off,Added
cram in,Added
stake out,Added
tumble to,Added
pot on,Added
buy in,Added
invite along,Added
kick back,Added
flounce out,Added
push around,Added
stop in,Added
blast away,Added
hook into,Added
square up to,Added
force back,Added
come with,Added
put through,Added
rattle around,Added
get round (or around),Added
nip out,Added
keep to,Added
bend over,Added
fix on,Added
push in,Added
bear up,Added
clock in,Added
go down,Added
yield to,Added
know of,Added
bash on,Added
hole up,Added
fall back on,Added
belong with,Added
hold up,Added
run with,Added
snaffle up,Added
close in,Added
endow with,Added
jazz up,Added
pass round,Added
stay down,Added
level at,Added
nail up,Added
hold back from,Added
pack away,Added
toss up,Added
truss up,Added
turf out,Added
paper over,Added
slap down,Added
dissolve into,Added
give out,Added
let on,Added
stand up for,Added
prattle on,Added
open out,Added
sing out,Added
step aside,Added
bring out,Added
shout down,Added
invest with,Added
run for,Added
stomp off,Added
pair off with,Added
chase up,Added
log out,Added
rig up,Added
get through,Added
pile in,Added
come over,Added
hurry along,Added
date from,Added
page through,Added
hit it off,Added
strip down to,Added
sneak out,Added
shoot down,Added
meet up,Added
feel out,Added
cough up,Added
mock up,Added
engage in,Added
go around,Added
hang around,Added
drag on,Added
hit with,Added
heave to,Added
bring down,Added
bargain on,Added
fob off with,Added
answer back,Added
bag out,Added
throttle back,Added
hunker down,Added
kick around,Added
hedge with,Added
mark out from,Added
see out,Added
be out of,Added
trickle down,Added
top up,Added
sew up,Added
buy out,Added
number among,Added
farm out,Added
hand round,Added
seek out,Added
lose out to,Added
seal off,Added
jerk around,Added
go in for,Added
make into,Added
boil down,Added
sponge on,Added
well up,Added
break out in,Added
start over,Added
watch out,Added
revel in,Added
turn away,Added
mouth off,Added
gang up on,Added
piss away,Added
bring on,Added
pitch up,Added
live down,Added
order out for,Added
send away,Added
filter in,Added
brew up,Added
get in,Added
bring out in,Added
button up,Added
get it,Added
simmer down,Added
pen in,Added
cast round for,Added
front out,Added
drive out,Added
tag on,Added
piss around,Added
drop behind,Added
rake in,Added
plough through,Added
get into,Added
limber up,Added
stammer out,Added
run out on,Added
trail away,Added
grow back,Added
run out of,Added
push for,Added
goof on,Added
cancel out,Added
speak to,Added
force through,Added
stay with,Added
fade away,Added
allow for,Added
sleep on,Added
dine out,Added
watch out for,Added
drum up,Added
flush out,Added
put by,Added
rake it in,Added
ask over,Added
move over,Added
spew up,Added
black out,Added
bum out,Added
give way,Added
bowl over,Added
beat on,Added
bump into,Added
wrestle with,Added
read for,Added
start off,Added
stick it to,Added
finish up with,Added
stay on,Added
jump on,Added
jockey into,Added
buff up on,Added
kick off,Added
give it up for,Added
climb down,Added
fire up,Added
snap out of,Added
lead on,Added
balance up,Added
wean on,Added
work up to,Added
part with,Added
run to,Added
hate on,Added
answer to,Added
hail from,Added
go in with,Added
run up on,Added
go through,Added
steal away,Added
pass through,Added
show around,Added
fly around,Added
run through,Added
wave down,Added
round out,Added
rattle through,Added
decide upon,Added
get off,Added
cap off,Added
hack around,Added
deal out,Added
wave through,Added
harp on,Added
track down,Added
get back to,Added
shut down,Added
force on,Added
sweat off,Added
go for it,Added
trade up,Added
get behind,Added
tell on,Added
react against,Added
throw in,Added
own up,Added
number off,Added
start out as,Added
throw away,Added
cash in on,Added
reach out for,Added
be cut up,Added
shut in,Added
ladle out,Added
sum up,Added
charge with,Added
put out,Added
draw out,Added
be into,Added
go along,Added
zoom out,Added
geek out,Added
patch up,Added
plough into,Added
stick up,Added
want in,Added
suck off,Added
jolly along,Added
round up,Added
boot up,Added
contract out of,Added
mess about with,Added
hold back,Added
frown on,Added
go to,Added
cash out,Added
pipe up,Added
fasten onto,Added
shuffle through,Added
wear in,Added
word up,Added
skate over,Added
lie ahead,Added
pick on,Added
hit upon,Added
doss about,Added
plow through,Added
make it,Added
toss aside,Added
decide on,Added
hammer away,Added
cross out,Added
bump along,Added
bump off,Added
play up,Added
come into,Added
syphon off,Added
storm off,Added
goad on,Added
usher in,Added
stay in,Added
bog off!,Added
rub up against,Added
bind over,Added
bear down,Added
go out of,Added
hold off,Added
gnaw at,Added
short out,Added
be off,Added
ask out,Added
trust to,Added
add up,Added
phase out,Added
die down,Added
turn out,Added
burn in,Added
dream up,Added
loose on,Added
rack out,Added
wash away,Added
weigh up,Added
chip in,Added
smash in,Added
sleep through,Added
run on,Added
live by,Added
dine in,Added
price up,Added
thirst for,Added
bust up,Added
ply with,Added
hold to,Added
stare out,Added
adjourn to,Added
go beyond,Added
shoot off,Added
splash around,Added
toddle off,Added
clear away,Added
trot out,Added
scale back,Added
phone in,Added
pal about,Added
work through,Added
brace up,Added
end up with,Added
power down,Added
head off,Added
press forward with,Added
pal up,Added
decide against,Added
trot off,Added
knock it off!,Added
watch over,Added
throw together,Added
lash down,Added
come down with,Added
put at,Added
leap at,Added
tap out,Added
knock together,Added
gin up,Added
get back,Added
have on,Added
knock up,Added
lie back,Added
work off,Added
butt out,Added
date back,Added
come forth,Added
get ahead,Added
cut back on,Added
heat through,Added
piddle away,Added
give it to,Added
level with,Added
moon around,Added
count against,Added
wash down,Added
be cut out for,Added
ebb away,Added
make off with,Added
shut up,Added
sally out,Added
try it on,Added
tie up,Added
tie in with,Added
start out to,Added
chase down,Added
fur up,Added
remind of,Added
toy with,Added
kick over,Added
lie with,Added
plump out,Added
drink to,Added
reel in,Added
veg out,Added
clap in,Added
live through,Added
grub up,Added
grow on,Added
walk away,Added
slice up,Added
taper off,Added
check against,Added
wear off,Added
have in for,Added
fall off,Added
count upon,Added
build upon,Added
wake up,Added
spaff away,Added
fling off,Added
fit up,Added
mark up,Added
root around,Added
do over,Added
stick out,Added
breathe in,Added
pin down,Added
rat through,Added
clock up,Added
proceed from,Added
pair off,Added
tear at,Added
turn away from,Added
talk away,Added
breeze along,Added
cut down,Added
pull through,Added
proceed against,Added
plow on,Added
cut away,Added
peel away,Added
work towards,Added
butter up,Added
start up,Added
sign into,Added
pay down,Added
belt out,Added
stumble into,Added
snarl up,Added
plead out,Added
be taken aback,Added
show over,Added
conk out,Added
change into,Added
muscle out,Added
send out for,Added
start out,Added
key to,Added
write away,Added
zone out,Added
sleep together,Added
waltz off with,Added
stock up,Added
hype up,Added
strike at,Added
zonk out,Added
run over,Added
ask about,Added
squeeze out,Added
set down,Added
spark up,Added
barge in,Added
cut back,Added
cone off,Added
fire off,Added
root for,Added
disagree with,Added
pay off,Added
lock in on,Added
pad out,Added
get by with,Added
plug in,Added
crack down on,Added
set about,Added
cool off,Added
gun down,Added
feel up,Added
hear about,Added
pass away,Added
spark off,Added
settle up,Added
rain off,Added
rope off,Added
pitch in,Added
give away,Added
divvy out,Added
pay in,Added
stop behind,Added
stir in,Added
stretch to,Added
start back,Added
whip out of,Added
batter down,Added
wall in,Added
hammer into,Added
bring along,Added
stand out for,Added
be down on,Added
sign in,Added
wave off,Added
drag up,Added
yack on,Added
flood out,Added
clear out,Added
rally around,Added
plod along,Added
stow away,Added
duck out of,Added
set back,Added
get round to,Added
team up,Added
go at,Added
defer to,Added
dash down,Added
chuck away,Added
pass as,Added
slip down,Added
ask after,Added
know from,Added
shop around,Added
keep up with,Added
improve on,Added
hand back,Added
gee up,Added
spew out,Added
bail up,Added
cloud over,Added
hang out for,Added
choke off,Added
cut through,Added
put down for,Added
foul up,Added
balance out,Added
descend from,Added
come up with,Added
gear up,Added
buy into,Added
pad down,Added
crack onto,Added
suit up,Added
wait up!,Added
film over,Added
sleep over,Added
scoot over,Added
duck out,Added
carry on,Added
steam up,Added
stick together,Added
melt down,Added
set off,Added
drill into,Added
play on,Added
spiff up,Added
trigger off,Added
coop up,Added
move towards,Added
dive in,Added
toss out,Added
starve out,Added
hang it up,Added
flash on,Added
steal up,Added
slosh around,Added
be in,Added
fess up to,Added
cut off,Added
fuck around,Added
sound out,Added
embark upon,Added
shy away from,Added
tart up,Added
bang around,Added
pin up,Added
drug up,Added
hold with,Added
fall for,Added
cop it,Added
talk down to,Added
swan about,Added
strip away,Added
grow from,Added
clown about,Added
bang on about,Added
grasp at,Added
see to,Added
pump out,Added
happen along,Added
jump into,Added
spin round,Added
give over!,Added
go along with,Added
splash out,Added
snap up,Added
chalk out,Added
lash out on,Added
call on,Added
work around,Added
get on with,Added
come out in,Added
plant up,Added
thump out,Added
hoon around,Added
stumble across,Added
see through,Added
whip into,Added
lie about,Added
take it,Added
look for,Added
get it on,Added
fluff out,Added
reckon on,Added
keep at,Added
zero out,Added
fall out,Added
rake through,Added
take in,Added
shine through,Added
light upon,Added
step down,Added
wave aside,Added
hanker for,Added
front for,Added
pay back,Added
tally up,Added
keel over,Added
make for,Added
call after,Added
chance on,Added
point out,Added
straighten out,Added
gobble up,Added
impress on,Added
wiggle out,Added
flare off,Added
go below,Added
see over,Added
cotton on,Added
light on,Added
hack off,Added
thrash out,Added
log on,Added
creep into,Added
close on,Added
flood back,Added
squeeze up,Added
round on,Added
cheer on,Added
snuff out,Added
sell on,Added
dredge up,Added
howl down,Added
save up,Added
pan out,Added
end with,Added
come across,Added
peel out,Added
walk back from,Added
dub out,Added
chuck in,Added
collect up,Added
snitch on,Added
agree with,Added
square off against,Added
bleed out,Added
shake up,Added
reason out,Added
come up to,Added
drink up,Added
witness to,Added
level out,Added
wash off,Added
wait out,Added
ring off,Added
call in,Added
fool around with,Added
wrap up,Added
put aside,Added
suck up,Added
leap out at,Added
pay into,Added
manage up,Added
reside in,Added
tack onto,Added
shade in,Added
bear up under,Added
sit around,Added
gad about,Added
scrub up,Added
max out,Added
fly into,Added
zip it,Added
copy down,Added
act on,Added
map onto,Added
clamp down on,Added
suck in,Added
fill out,Added
egg on,Added
shade into,Added
set on,Added
add on,Added
wiggle out of,Added
sidle up to,Added
bubble over,Added
section off,Added
crank out,Added
boil away,Added
railroad through,Added
press into,Added
fall back,Added
pick apart,Added
roll over,Added
cut up,Added
scare away,Added
hot up,Added
toss down,Added
sit down,Added
rush through,Added
play away,Added
heal up,Added
go forward,Added
flame out,Added
ramble on,Added
clock in at,Added
yell out,Added
gear to,Added
sleep off,Added
zip around,Added
creep in,Added
face about,Added
jack around,Added
steal up on,Added
pass up,Added
bring forward,Added
rise above,Added
come upon,Added
try for,Added
cart off,Added
show off,Added
ghost away,Added
fatten up,Added
get across,Added
go forth,Added
sock in,Added
aim at,Added
power up,Added
broaden out,Added
laugh off,Added
speak out,Added
blot up,Added
bliss out,Added
bite into,Added
charge up,Added
put before,Added
take over,Added
chew over,Added
go into,Added
bung up,Added
heat up,Added
have up,Added
get it on with,Added
share in,Added
come down to,Added
divvy up,Added
wander off,Added
put on,Added
operate on,Added
draw back,Added
put forward,Added
gag for,Added
scar over,Added
peck at,Added
plug away,Added
yammer on,Added
be down with,Added
urge on,Added
talk to,Added
stand against,Added
bundle off,Added
be after,Added
connect up,Added
warm through,Added
play around,Added
hide behind,Added
watch for,Added
wait behind,Added
sort out,Added
double over,Added
lark it up,Added
build on,Added
kid around,Added
fasten up,Added
cuddle up,Added
crack down,Added
stash away,Added
breeze through,Added
loosen up,Added
strip out,Added
fuel up,Added
prise out of,Added
count towards,Added
be out to,Added
try out,Added
pop down to,Added
prey upon,Added
give up on,Added
put down as,Added
stand in,Added
stub out,Added
chip away at,Added
opt in,Added
tail away,Added
hack into,Added
get around to,Added
poop out,Added
call upon,Added
depart from,Added
warn off,Added
throttle up,Added
flow from,Added
file for,Added
carried away,Added
figure out,Added
ball up,Added
piss off,Added
fool about,Added
look to,Added
branch off,Added
rub out,Added
break in,Added
wait up,Added
fill in on,Added
pin on,Added
dig around,Added
talk out,Added
step up,Added
put about,Added
bed down,Added
step to,Added
turn in on,Added
pump in,Added
repair to,Added
end up,Added
force down,Added
turn up,Added
share out,Added
pump into,Added
come in at,Added
hew to,Added
clump together,Added
stop by,Added
stumble upon,Added
plow back,Added
eat away at,Added
wipe out,Added
catch up,Added
sit on,Added
be on,Added
fart about,Added
chuck up,Added
get it off,Added
come in,Added
power off,Added
cave in,Added
put under,Added
count down,Added
mail off,Added
gang up against,Added
pootle along,Added
be onto,Added
toss back,Added
brush aside,Added
write out,Added
grind up,Added
auction off,Added
let up,Added
buzz around,Added
lock onto,Added
give out to,Added
try back,Added
mistake for,Added
nod off,Added
string up,Added
buy up,Added
run in,Added
nag at,Added
tuck away,Added
tell against,Added
carry through,Added
sweep through,Added
invite round,Added
knock about,Added
walk away with,Added
level off,Added
ask around,Added
log off,Added
join up,Added
bone up on,Added
tide over,Added
quit on,Added
rough up,Added
grow out of,Added
get down to,Added
bear with,Added
drop around,Added
touch off,Added
be down,Added
whittle away,Added
take for,Added
burst in on,Added
drive up,Added
bunk off,Added
issue forth,Added
pass to,Added
beam down,Added
bog in,Added
spell out,Added
go up to,Added
fall in with,Added
scrape back,Added
do up,Added
bubble up,Added
gain on,Added
bang on,Added
strike up,Added
double down on,Added
rustle up,Added
board over,Added
meet with,Added
play along,Added
go out to,Added
fob off on,Added
give off,Added
strip down,Added
tap up,Added
box off,Added
drop by,Added
slap on,Added
ride on,Added
name for,Added
show up,Added
start off on,Added
come up,Added
weigh in,Added
weigh in on,Added
tack on,Added
block up,Added
blow away,Added
breed out,Added
blot out,Added
bitch up,Added
pull out,Added
be up for,Added
kiss away,Added
move in,Added
clown around,Added
slob around,Added
hit up,Added
draw off,Added
look in on,Added
bale out,Added
push on,Added
spoil for,Added
sign up,Added
weigh down on,Added
tap into,Added
wade in,Added
strip to,Added
fuss over,Added
change around,Added
wrap around,Added
step out,Added
grow up on,Added
stand down,Added
pull on,Added
hold forth,Added
sniff round,Added
order in,Added
live together,Added
drive away,Added
slough off,Added
catch up in,Added
doss around,Added
key in on,Added
take apart,Added
come over to,Added
order around,Added
relieve of,Added
front onto,Added
steam off,Added
brush down,Added
accord with,Added
smoke out,Added
stiffen up,Added
cross up,Added
muddle along,Added
stick around,Added
go over to,Added
live in,Added
stay together,Added
carve up,Added
get round,Added
come down upon,Added
pal around,Added
goof off,Added
chip off,Added
bug off!,Added
strip of,Added
strike out,Added
take upon,Added
cater to,Added
lay in,Added
blow down,Added
pull yourself together,Added
type out,Added
be to do with,Added
come away,Added
get out!,Added
pour into,Added
do with,Added
grapple with,Added
interfere with,Added
dive into,Added
sign out,Added
swear by,Added
empty out,Added
hive off,Added
serve out,Added
frost over,Added
be out,Added
wait in,Added
trick out,Added
salt away,Added
scrape together,Added
bring up against,Added
turn to,Added
drop off,Added
pour forth,Added
preside over,Added
catch out,Added
whip through,Added
alight on,Added
rise up,Added
shake down,Added
hunt down,Added
press for,Added
shove around,Added
rule out of,Added
stay out of,Added
hold out for,Added
saw down,Added
log into,Added
hem in,Added
have around,Added
talk up,Added
whisk off,Added
vote through,Added
swear to,Added
give yourself up to,Added
find for,Added
come down,Added
rain down on,Added
go out,Added
gun for,Added
dig up,Added
pry out,Added
savour of,Added
pave over,Added
edit out,Added
stand out against,Added
butt up,Added
wind down,Added
bite off,Added
run along,Added
see in,Added
scrape along,Added
kill off,Added
crap on,Added
get on,Added
pick up,Added
sweep up,Added
silt up,Added
pitch for,Added
bristle with,Added
bomb out,Added
go ahead with,Added
peg back,Added
swear off,Added
wait about,Added
spike up,Added
take against,Added
freeze up,Added
ache for,Added
cruise through,Added
insure against,Added
clean off,Added
cry off,Added
mark down as,Added
stand for,Added
ice over,Added
coast along,Added
turn into,Added
bow to,Added
work in,Added
come around to,Added
stand out,Added
eye up,Added
kick about,Added
let out,Added
have it away,Added
seep away,Added
make up for,Added
wish away,Added
hutch up,Added
buckle under,Added
play down,Added
mash up,Added
sift out,Added
issue from,Added
break out,Added
store up,Added
reduce to,Added
plonk down,Added
get round (around) to,Added
sit in for,Added
club together,Added
pitch against,Added
cordon off,Added
stick at,Added
boil over,Added
sail through,Added
sweep back,Added
slope off,Added
speak up for,Added
mail out,Added
fall away,Added
hand over,Added
come together,Added
firm up,Added
quieten down,Added
hang around with,Added
reel out,Added
tidy away,Added
let down,Added
plunge into,Added
cop out,Added
dob in,Added
flip over,Added
roll on,Added
build around,Added
ship off,Added
hover around,Added
beaver away,Added
knock back,Added
chalk up to,Added
show through,Added
have got against,Added
pluck up,Added
sound off,Added
settle into,Added
tease out,Added
check up on,Added
come back,Added
go past,Added
let into,Added
text out,Added
take through,Added
read out,Added
muck in,Added
drill down,Added
force out of,Added
dub over,Added
stick on,Added
sweep along,Added
eat in,Added
nut out,Added
follow up,Added
haul in,Added
arse around,Added
zip by,Added
tone in with,Added
shout out,Added
lust after,Added
drum out,Added
sniff out,Added
leave behind,Added
zone in,Added
strike on,Added
stir into,Added
pass off,Added
brush off,Added
count with,Added
sally forth,Added
board out,Added
shell out,Added
pine away,Added
whistle at,Added
chop up,Added
clear off,Added
frighten off,Added
factor in,Added
drink down,Added
get across to,Added
hang on,Added
notch up,Added
dig in,Added
owe to,Added
stand between,Added
butt in,Added
fence in,Added
wish for,Added
embark on,Added
lie around,Added
trade off,Added
feast on,Added
peg it,Added
be not on,Added
come through with,Added
blank out,Added
keep from,Added
make out,Added
cast up,Added
count up,Added
log in,Added
drag out,Added
dish out,Added
gulp back,Added
blend in,Added
hitch up,Added
put round,Added
pass on,Added
gloss over,Added
close in on,Added
draw upon,Added
slobber over,Added
kick in the teeth,Added
account for,Added
tire of,Added
knock over,Added
plough ahead,Added
big up,Added
ratchet up,Added
run up against,Added
play out,Added
go by,Added
have it in for,Added
break out of,Added
plant over,Added
tag with,Added
tell of,Added
pencil in,Added
chime with,Added
strike upon,Added
get ahead of,Added
nose into,Added
tee off on,Added
pull into,Added
cut in,Added
prey on,Added
stay up,Added
scale up,Added
stick out for,Added
subscribe for,Added
divide off,Added
push over,Added
get along in,Added
go with,Added
base on,Added
grind away,Added
try out for,Added
call back,Added
cut across,Added
scout out,Added
live off,Added
drop away,Added
pick up on,Added
doss down,Added
buck up,Added
slow down,Added
look up,Added
fill up,Added
have against,Added
drag out of,Added
count off,Added
filter out,Added
yield up,Added
build up,Added
zero in on,Added
wear out,Added
fasten down,Added
labour under,Added
beat up,Added
lead off,Added
sponge down,Added
stick down,Added
word up!,Added
scare off,Added
have in,Added
go through with,Added
fade in,Added
hang in there,Added
slip into,Added
rush into,Added
tangle up,Added
capitalize on,Added
box up,Added
live it up,Added
front off,Added
check over,Added
brush up,Added
wade through,Added
check in,Added
clean out,Added
call away,Added
lash out,Added
elbow out,Added
doll up,Added
throw on,Added
heave up,Added
pass back,Added
herd together,Added
scuzz up,Added
tune in to,Added
swing by,Added
bum around,Added
link up with,Added
mill around,Added
polish up,Added
stand around,Added
win over,Added
plate up,Added
speak up,Added
run up,Added
give over,Added
gross up,Added
saddle up,Added
sit in,Added
make off,Added
join in,Added
crease up,Added
cleave to,Added
ring with,Added
spit out,Added
weed out,Added
run out,Added
queer up,Added
phone back,Added
bog down,Added
dole out,Added
go on at,Added
puff up,Added
cool down,Added
boil up,Added
get up to,Added
mug up,Added
drone on,Added
go without,Added
treat with,Added
play off,Added
laze away,Added
look into,Added
soak up,Added
clamp down,Added
stay away,Added
wait around,Added
invite over,Added
lash out at,Added
take aside,Added
scrape by,Added
shrug off,Added
cop off,Added
dial down,Added
jam on,Added
winkle out,Added
book in,Added
sex up,Added
dig into,Added
dip out,Added
scrape through,Added
clock on,Added
stomp on,Added
pull off,Added
get out,Added
boss around,Added
gather in,Added
flame up,Added
rap out,Added
break off,Added
blast off,Added
train up,Added
hold out against,Added
pine for,Added
reel off,Added
whip up,Added
screw up,Added
get after,Added
take down,Added
lie down,Added
toss for,Added
sit about,Added
weigh on,Added
tip up,Added
pack in,Added
punch out,Added
catch at,Added
roll back,Added
vote in,Added
put away,Added
gather up,Added
trudge through,Added
chuck out,Added
launch into,Added
find out,Added
beef up,Added
descend on,Added
pop out,Added
back out of,Added
scrub out,Added
look in,Added
hack up,Added
jack up,Added
rat out,Added
fuck over,Added
talk around,Added
give up,Added
belong to,Added
send away for,Added
rat on,Added
flog off,Added
cram in,Added
stake out,Added
tumble to,Added
pot on,Added
buy in,Added
invite along,Added
kick back,Added
flounce out,Added
push around,Added
stop in,Added
blast away,Added
hook into,Added
square up to,Added
force back,Added
come with,Added
put through,Added
rattle around,Added
get round (or around),Added
nip out,Added
keep to,Added
bend over,Added
fix on,Added
push in,Added
bear up,Added
clock in,Added
go down,Added
yield to,Added
know of,Added
bash on,Added
hole up,Added
fall back on,Added
belong with,Added
hold up,Added
run with,Added
snaffle up,Added
close in,Added
endow with,Added
jazz up,Added
pass round,Added
stay down,Added
level at,Added
nail up,Added
hold back from,Added
pack away,Added
toss up,Added
truss up,Added
turf out,Added
paper over,Added
slap down,Added
dissolve into,Added
give out,Added
let on,Added
stand up for,Added
prattle on,Added
open out,Added
sing out,Added
step aside,Added
bring out,Added
shout down,Added
invest with,Added
run for,Added
stomp off,Added
pair off with,Added
chase up,Added
log out,Added
rig up,Added
get through,Added
pile in,Added
come over,Added
hurry along,Added
date from,Added
page through,Added
hit it off,Added
strip down to,Added
sneak out,Added
shoot down,Added
meet up,Added
feel out,Added
cough up,Added
mock up,Added
engage in,Added
go around,Added
hang around,Added
drag on,Added
hit with,Added
heave to,Added
bring down,Added
bargain on,Added
fob off with,Added
answer back,Added
bag out,Added
throttle back,Added
hunker down,Added
kick around,Added
hedge with,Added
mark out from,Added
see out,Added
be out of,Added
trickle down,Added
top up,Added
sew up,Added
buy out,Added
number among,Added
farm out,Added
hand round,Added
seek out,Added
lose out to,Added
seal off,Added
jerk around,Added
go in for,Added
make into,Added
boil down,Added
sponge on,Added
well up,Added
break out in,Added
start over,Added
watch out,Added
revel in,Added
turn away,Added
mouth off,Added
gang up on,Added
piss away,Added
bring on,Added
pitch up,Added
live down,Added
order out for,Added
send away,Added
filter in,Added
brew up,Added
get in,Added
bring out in,Added
button up,Added
get it,Added
simmer down,Added
pen in,Added
cast round for,Added
front out,Added
drive out,Added
tag on,Added
piss around,Added
drop behind,Added
rake in,Added
plough through,Added
get into,Added
limber up,Added
stammer out,Added
run out on,Added
trail away,Added
grow back,Added
run out of,Added
push for,Added
goof on,Added
cancel out,Added
speak to,Added
force through,Added
stay with,Added
fade away,Added
allow for,Added
sleep on,Added
dine out,Added
watch out for,Added
drum up,Added
flush out,Added
put by,Added
rake it in,Added
ask over,Added
move over,Added
spew up,Added
black out,Added
bum out,Added
give way,Added
bowl over,Added
beat on,Added
bump into,Added
wrestle with,Added
read for,Added
start off,Added
stick it to,Added
finish up with,Added
stay on,Added
jump on,Added
jockey into,Added
buff up on,Added
kick off,Added
give it up for,Added
climb down,Added
fire up,Added
snap out of,Added
lead on,Added
balance up,Added
wean on,Added
work up to,Added
part with,Added
run to,Added
hate on,Added
answer to,Added
hail from,Added
go in with,Added
run up on,Added
go through,Added
steal away,Added
pass through,Added
show around,Added
fly around,Added
run through,Added
wave down,Added
round out,Added
rattle through,Added
decide upon,Added
get off,Added
cap off,Added
hack around,Added
deal out,Added
wave through,Added
harp on,Added
track down,Added
get back to,Added
shut down,Added
force on,Added
sweat off,Added
go for it,Added
trade up,Added
get behind,Added
tell on,Added
react against,Added
throw in,Added
own up,Added
number off,Added
start out as,Added
throw away,Added
cash in on,Added
reach out for,Added
be cut up,Added
shut in,Added
ladle out,Added
sum up,Added
charge with,Added
put out,Added
draw out,Added
be into,Added
go along,Added
zoom out,Added
geek out,Added
patch up,Added
plough into,Added
stick up,Added
want in,Added
suck off,Added
jolly along,Added
round up,Added
boot up,Added
contract out of,Added
mess about with,Added
hold back,Added
frown on,Added
go to,Added
cash out,Added
pipe up,Added
fasten onto,Added
shuffle through,Added
wear in,Added
word up,Added
skate over,Added
lie ahead,Added
pick on,Added
hit upon,Added
doss about,Added
plow through,Added
make it,Added
toss aside,Added
decide on,Added
hammer away,Added
cross out,Added
bump along,Added
bump off,Added
play up,Added
come into,Added
syphon off,Added
storm off,Added
goad on,Added
usher in,Added
stay in,Added
bog off!,Added
rub up against,Added
bind over,Added
bear down,Added
go out of,Added
hold off,Added
gnaw at,Added
short out,Added
be off,Added
ask out,Added
trust to,Added
add up,Added
phase out,Added
die down,Added
turn out,Added
burn in,Added
dream up,Added
loose on,Added
rack out,Added
wash away,Added
weigh up,Added
chip in,Added
smash in,Added
sleep through,Added
run on,Added
live by,Added
dine in,Added
price up,Added
thirst for,Added
bust up,Added
ply with,Added
hold to,Added
stare out,Added
adjourn to,Added
go beyond,Added
shoot off,Added
splash around,Added
toddle off,Added
clear away,Added
trot out,Added
scale back,Added
phone in,Added
pal about,Added
work through,Added
brace up,Added
end up with,Added
power down,Added
head off,Added
press forward with,Added
pal up,Added
decide against,Added
trot off,Added
knock it off!,Added
watch over,Added
throw together,Added
lash down,Added
come down with,Added
put at,Added
leap at,Added
tap out,Added
knock together,Added
gin up,Added
get back,Added
have on,Added
knock up,Added
lie back,Added
work off,Added
butt out,Added
date back,Added
come forth,Added
get ahead,Added
cut back on,Added
heat through,Added
piddle away,Added
give it to,Added
level with,Added
moon around,Added
count against,Added
wash down,Added
be cut out for,Added
ebb away,Added
make off with,Added
shut up,Added
fear for,Added
swear down,Added
reflect on,Added
run against,Added
send for,Added
live on,Added
pump up,Added
provide against,Added
bag up,Added
plump yourself down,Added
cut it out,Added
fall under,Added
draw on,Added
make over,Added
keep down,Added
break away,Added
marry into,Added
grow away from,Added
slip up,Added
get back into,Added
piddle around,Added
chop down,Added
put up,Added
attend to,Added
cash up,Added
splash out on,Added
kiss up to,Added
buzz off!,Added
hinge upon,Added
hire out,Added
go it alone,Added
descend into,Added
clam up,Added
grow up,Added
get away!,Added
hark at,Added
stay off,Added
hold onto,Added
play back,Added
stitch up,Added
potter around,Added
lead on to,Added
move out,Added
bounce off,Added
bail out on,Added
zone in on,Added
room in,Added
roll off,Added
bail out of,Added
set forth,Added
come across with,Added
opt into,Added
work over,Added
bear down on,Added
trade upon,Added
drift off,Added
muddle through,Added
go one,Added
dab off,Added
fall into,Added
dress up,Added
fawn on,Added
screen out,Added
practise on,Added
saw up,Added
deal with,Added
point to,Added
bounce around,Added
dally with,Added
separate out,Added
lay about,Added
grow out,Added
go up,Added
hold up as,Added
add on to,Added
feel up to,Added
count for,Added
tape up,Added
hold out on,Added
do in,Added
ink in,Added
steal out,Added
lap up,Added
piece together,Added
die for,Added
brim over,Added
land up,Added
ginger up,Added
roll in,Added
top off,Added
turn around,Added
link up,Added
get about,Added
write off,Added
shape up,Added
gulp in,Added
act up,Added
sign off on,Added
get over with,Added
fizzle out,Added
grass up,Added
freshen up,Added
smash up,Added
dumb down,Added
step back,Added
fit together,Added
fall behind,Added
sleep out,Added
load up,Added
trot off to,Added
get back at,Added
juice up,Added
block out,Added
move in on,Added
form up,Added
shoot away,Added
come about,Added
weary of,Added
keep off,Added
wind up,Added
invest in,Added
report in,Added
swan off,Added
dig over,Added
stop out,Added
tie back,Added
boot out,Added
answer for,Added
sock away,Added
move up,Added
sleep in,Added
die back,Added
pitch into,Added
storm out,Added
hand in,Added
pipe down,Added
write in,Added
type into,Added
crash around,Added
cast off,Added
stack up,Added
mess about,Added
creep by,Added
invite out,Added
stay around,Added
hammer away at,Added
plan on,Added
cater for,Added
ruck up,Added
want for,Added
bog into,Added
stand in for,Added
tap for,Added
cling to,Added
build in,Added
cast aside,Added
buy off,Added
winnow out,Added
break into,Added
clog up,Added
hold out,Added
drift apart,Added
sketch out,Added
fend off,Added
fall in,Added
bow down,Added
flip on,Added
seize up,Added
set to,Added
pull for,Added
wall up,Added
break for,Added
cover for,Added
keep away,Added
troll for,Added
feed on,Added
clear up after,Added
pitch out,Added
check out,Added
jump out,Added
balls up,Added
mark out for,Added
row back,Added
go away,Added
get over,Added
be fed up,Added
ride off,Added
call round,Added
even up,Added
measure against,Added
ward off,Added
adhere to,Added
die out,Added
lay up,Added
invite in,Added
ride out,Added
take up with,Added
crawl with,Added
gad around,Added
fiddle away,Added
narrow down,Added
fuss at,Added
sign on,Added
live with,Added
root up,Added
tail back,Added
laugh at,Added
draw away,Added
suss out,Added
bring round,Added
back up,Added
go in,Added
close up,Added
show round,Added
walk out,Added
pull back,Added
get back together,Added
stay back,Added
kick down,Added
fob off,Added
fly by,Added
put forth,Added
go it,Added
go ahead,Added
mope around,Added
listen out for,Added
put into,Added
speed up,Added
gamble away,Added
add to,Added
spruce up,Added
creep up on,Added
cream off,Added
shrink from,Added
chase away,Added
summon up,Added
draw into,Added
pass for,Added
run off,Added
listen up,Added
ring through,Added
keep in,Added
get off with,Added
keep out,Added
bring in,Added
put across,Added
go together,Added
call for,Added
change up,Added
stop over,Added
be away,Added
pile out,Added
string out,Added
fluff up,Added
scare into,Added
point up,Added
beat down,Added
step on,Added
dig out,Added
batten on,Added
back onto,Added
piss down,Added
jog along,Added
pour down,Added
bow down to,Added
slip off,Added
stop back,Added
get by on,Added
cut down on,Added
fix up,Added
sign out of,Added
fence off,Added
think up,Added
polish off,Added
fit out,Added
lapse into,Added
slip in,Added
chow down,Added
keep up,Added
rattle up,Added
bump up,Added
show out,Added
ramp up,Added
post off,Added
pour out,Added
sell up,Added
bill as,Added
measure out,Added
trip over,Added
win through,Added
take away from,Added
spring up,Added
lock away,Added
shoot for,Added
dip in,Added
hear from,Added
pad up,Added
belt down,Added
blast out,Added
kick against,Added
gussy up,Added
chance upon,Added
reckon without,Added
sit with,Added
tune out,Added
sign on with,Added
stop off,Added
nail down,Added
fuck up,Added
screen off,Added
fight out,Added
run across,Added
carry on with,Added
go out with,Added
turn round,Added
whizz through,Added
fix with,Added
flirt with,Added
build into,Added
fall to,Added
style after,Added
lock up,Added
get out of,Added
breeze in,Added
nick off,Added
trade in,Added
squirrel away,Added
rise to,Added
call down,Added
ease out,Added
pass on to,Added
buckle up,Added
dial in,Added
grow to,Added
saw at,Added
step on it,Added
throw back,Added
swing around,Added
help along,Added
set up,Added
tick away,Added
drown in,Added
throw over,Added
float around,Added
bug off,Added
see into,Added
damp off,Added
spring from,Added
make up,Added
warm to,Added
top out,Added
chew up,Added
sign with,Added
fling on,Added
pare down,Added
go off with,Added
scoop up,Added
dry up,Added
dial up,Added
pound into,Added
pee down,Added
clap out,Added
fess up,Added
pop off,Added
bring up,Added
moggy off,Added
call at,Added
smooth over,Added
get above,Added
pull apart,Added
tank up,Added
report back,Added
peel off,Added
set apart,Added
go towards,Added
pass out,Added
snap to it!,Added
pawn off,Added
dub in,Added
call forth,Added
boil down to,Added
shuck off,Added
drum into,Added
steer clear of,Added
die off,Added
come along,Added
hit it off with,Added
lark about,Added
lead with,Added
wade into,Added
camp out,Added
fly at,Added
jump in,Added
rain down,Added
write into,Added
go across,Added
put up with,Added
mark off,Added
come out with,Added
care for,Added
play about,Added
spirit away,Added
explain away,Added
drop back,Added
fawn over,Added
look through,Added
pivot on,Added
faff around,Added
send out,Added
strike back,Added
check off,Added
fight it out,Added
bawl out,Added
beam up,Added
fend for,Added
potter about,Added
come back to,Added
walk out on,Added
bolster up,Added
spring back,Added
have it off,Added
stop up,Added
spit it out,Added
slack off,Added
lie behind,Added
screw over,Added
fake out,Added
enlarge on,Added
get on to,Added
visit on,Added
fall apart,Added
shin up,Added
wipe down,Added
flag up,Added
ease off,Added
hang up on,Added
think through,Added
go on about,Added
throw up,Added
come around,Added
bump up against,Added
cling on,Added
drop round,Added
see about,Added
zip up,Added
teem with,Added
pull away,Added
cotton to,Added
bounce back,Added
bucket down,Added
box in,Added
even out,Added
tag onto,Added
earth up,Added
idle away,Added
cut into,Added
jot down,Added
shake off,Added
check into,Added
have off,Added
creep over,Added
hide out,Added
shore up,Added
take out,Added
follow on from,Added
rent out,Added
luck into,Added
burst out,Added
zoom off,Added
move along,Added
luck out,Added
crowd in on,Added
land up in,Added
be on about,Added
subscribe to,Added
curl up,Added
weird out,Added
sit through,Added
pack it in,Added
work out,Added
opt out,Added
beaver away at,Added
cast out,Added
mooch around,Added
lay out,Added
loose off,Added
muscle in on,Added
finish with,Added
sit up,Added
carry off,Added
freak out,Added
blurt out,Added
kiss off,Added
rally round,Added
kick out,Added
trump up,Added
chew off,Added
sink in,Added
tiptoe around,Added
frown upon,Added
turn against,Added
block in,Added
steam open,Added
wise up,Added
stand at,Added
frighten away,Added
take to,Added
mix up,Added
back into,Added
whittle down,Added
turn down,Added
put together,Added
grind on,Added
spring for,Added
get away,Added
chat away,Added
fight off,Added
swot up,Added
smarten up,Added
wean off,Added
border on,Added
put onto,Added
bash up,Added
comb out,Added
colour (color) up,Added
page down,Added
grey out,Added
dust off,Added
jump up,Added
awaken to,Added
shudder at,Added
wheel out,Added
make it up to,Added
choose up,Added
flip for,Added
take it upon yourself,Added
flake off,Added
miss out,Added
hook up to,Added
muck up,Added
whip off,Added
churn out,Added
touch on,Added
get to,Added
tuck in,Added
stand about,Added
grab at,Added
bash in,Added
enter on,Added
level up,Added
blow in,Added
thrust aside,Added
could do with,Added
run away,Added
call out,Added
call by,Added
fuck with,Added
ration out,Added
pull ahead,Added
lash into,Added
settle down,Added
look after,Added
grass over,Added
mellow out,Added
look around,Added
ring in,Added
board off,Added
claw back,Added
speak of,Added
book out,Added
miss out on,Added
play up to,Added
go after,Added
feel for,Added
knock down,Added
trip out,Added
prevail on,Added
grow in,Added
heap up,Added
hang together,Added
jack in,Added
freeze over,Added
pick up after,Added
gnaw away at,Added
give in,Added
get through to,Added
dial into,Added
come of,Added
wind on,Added
deck out,Added
come on,Added
bite at,Added
joke around,Added
draw down,Added
string along,Added
phone round,Added
vote out,Added
peg down,Added
go down with,Added
hedge in,Added
trifle with,Added
go over,Added
phase in,Added
occur to,Added
grass on,Added
sing up,Added
catch up on,Added
pawn off as,Added
lay into,Added
glance off,Added
lay off,Added
shame into,Added
roll down,Added
sag off,Added
come into use,Added
drill down through,Added
flash around,Added
dwell upon,Added
cock up,Added
tone in,Added
think back,Added
ship out,Added
shut off,Added
presume on,Added
shoot back,Added
stave off,Added
slap around,Added
break up,Added
lay down,Added
duff up,Added
fall on,Added
head for,Added
dispose of,Added
spit at,Added
mark out,Added
poke around,Added
put off,Added
tangle with,Added
blow over,Added
get on for,Added
wheel around,Added
camp up,Added
dispense with,Added
fit in,Added
rumble on,Added
flatten out,Added
flash back to,Added
bail out,Added
lop off,Added
go down on,Added
hit up on,Added
send up,Added
factor out,Added
tune in,Added
peg out,Added
keep in with,Added
flick over,Added
bash about,Added
run around after,Added
flake out,Added
grind into,Added
magic away,Added
plump for,Added
rush out,Added
bring forth,Added
send off,Added
hose down,Added
count out,Added
head out,Added
tow away,Added
single out,Added
doze off,Added
tune up,Added
hit back,Added
vote down,Added
read into,Added
go on,Added
pass by,Added
make after,Added
wake up to,Added
price in,Added
average out,Added
get on at,Added
pick off,Added
tuck up,Added
turn over,Added
rip off,Added
flick through,Added
walk over,Added
tip off,Added
throw yourself at,Added
shy away,Added
slant toward,Added
partner up,Added
large it up,Added
hand on,Added
laze around,Added
scout round,Added
hit on,Added
marry out,Added
burn out,Added
plump up,Added
go before,Added
work at,Added
run by,Added
come forward,Added
pair up,Added
flounce off,Added
plant out,Added
cozy up to,Added
pile up,Added
grind away at,Added
feed off,Added
put to,Added
angle for,Added
be in on,Added
get up,Added
eat up,Added
split up,Added
toy at,Added
fish for,Added
reach out,Added
tone up,Added
marry off,Added
hike up,Added
leave over,Added
lark around,Added
take up on,Added
square with,Added
rake up,Added
make up to,Added
take after,Added
shut out of,Added
plow into,Added
crash out,Added
go about,Added
see around,Added
check out of,Added
scrape up,Added
tidy up after,Added
tear into,Added
hush up,Added
hone in on,Added
psych out,Added
monkey around,Added
waste away,Added
relate to,Added
fork out,Added
come from,Added
turn back,Added
suck up to,Added
stay out,Added
hand around,Added
invite back,Added
hang back,Added
close out,Added
pig off,Added
plough on,Added
dump on,Added
grind out,Added
scrape in,Added
trust in,Added
become of,Added
tear out,Added
get it together,Added
act as,Added
hark back to,Added
lay to,Added
pass down,Added
clear up,Added
jam up,Added
latch onto,Added
sling off,Added
fiddle about,Added
fob off onto,Added
pull down,Added
blend into,Added
melt away,Added
bottom out,Added
come out,Added
sail into,Added
put up to,Added
draft in,Added
stop away,Added
rear up,Added
listen in,Added
sell out,Added
mull over,Added
toy over,Added
bank up,Added
chop off,Added
bring together,Added
botch up,Added
quarrel out,Added
trade on,Added
type in,Added
pack out,Added
shack up,Added
round off,Added
get back with,Added
stand by,Added
suck into,Added
follow through,Added
wink at,Added
keep back,Added
smack of,Added
claim back,Added
walk up,Added
come through,Added
block off,Added
fight down,Added
bank in,Added
dress down,Added
rest on,Added
fasten on,Added
drag into,Added
tear away,Added
rake off,Added
call up,Added
stand over,Added
stay over,Added
whisk away,Added
wipe up,Added
spin out,Added
bulk out,Added
walk around,Added
bend down,Added
swan around,Added
key on,Added
ham up,Added
identify with,Added
drag down,Added
rub off on,Added
mooch about,Added
visit with,Added
tear down,Added
tighten up,Added
screw around,Added
inquire of,Added
hang about,Added
nose out,Added
get off it,Added
bring before,Added
sweep away,Added
conjure up,Added
thumb through,Added
look forward to,Added
trespass on,Added
beat out,Added
bring off,Added
spur on,Added
tuck into,Added
chase off,Added
plow up,Added
come apart,Added
bulk up,Added
carry out,Added
bend over backwards,Added
zoom in,Added
lash out against,Added
creep up,Added
measure up to,Added
cook up,Added
chip away,Added
wrap round,Added
hook up,Added
contend with,Added
buckle down,Added
map out,Added
poop out on,Added
wait on,Added
let in on,Added
count on,Added
shoot out,Added
shave off,Added
slip off to,Added
set in,Added
push forward,Added
add in,Added
swing through,Added
rope into,Added
bug out,Added
crack up,Added
sup up,Added
burn up,Added
page up,Added
tie up with,Added
dish up,Added
venture forth,Added
bite back,Added
pick out,Added
spirit off,Added
trade down,Added
opt for,Added
hound out,Added
go on with,Added
bottle out,Added
fit in with,Added
churn up,Added
be taken with,Added
wriggle out of,Added
patch together,Added
double up,Added
trundle out,Added
hash out,Added
fold in,Added
hang about!,Added
deal in,Added
burst into,Added
moon over,Added
saddle with,Added
repeat on,Added
walk off,Added
plop down,Added
roll up!,Added
give over to,Added
do away with,Added
rub along,Added
soak in,Added
book up,Added
back off,Added
psych up,Added
tidy up,Added
check on,Added
heal over,Added
ring back,Added
comb through,Added
put down,Added
light up,Added
keep up at,Added
lift up,Added
show in,Added
keep on about,Added
choke out,Added
set aside,Added
roll up,Added
hear out,Added
shit on,Added
fill in,Added
fool with,Added
get it off with,Added
rifle through,Added
drive off,Added
gulp down,Added
bring back,Added
rub up on,Added
grow upon,Added
slip out,Added
steal over,Added
fan out,Added
tee up,Added
tumble down,Added
focus on,Added
serve up,Added
come round,Added
worry at,Added
chicken out,Added
scout up,Added
have down as,Added
edge out,Added
offer up,Added
muck out,Added
jump out at,Added
cross off,Added
fart around,Added
come before,Added
spice up,Added
cuss out,Added
jib at,Added
throw out,Added
move ahead,Added
naff off,Added
come between,Added
straighten up,Added
load up on,Added
reason with,Added
act upon,Added
dry out,Added
fight back,Added
horse around,Added
read through,Added
tie down,Added
crop up,Added
flunk out,Added
crank up,Added
gear towards,Added
hunt up,Added
try on,Added
kit out,Added
bash away at,Added
push off,Added
run after,Added
walk off with,Added
delight in,Added
swallow up,Added
rope in,Added
dust down,Added
wall off,Added
go round,Added
come off,Added
rack off,Added
mess around with,Added
model on,Added
eat out,Added
roll by,Added
break down,Added
bugger off,Added
palm off,Added
speak for,Added
muddle up,Added
wear away,Added
jaw away,Added
touch upon,Added
boss about,Added
rock up,Added
slip on,Added
vacuum up,Added
rope up,Added
give back,Added
tool up,Added
catch on,Added
get behind with,Added
fetch up,Added
blow out,Added
romp through,Added
bubble under,Added
spread out,Added
stem from,Added
seal up,Added
leave on,Added
settle on,Added
stink out,Added
mess with,Added
stand up,Added
deliver up,Added
talk round,Added
square away,Added
look on,Added
brick in,Added
give of,Added
poke about,Added
dwell on,Added
smash into,Added
fink on,Added
work around to,Added
come at,Added
bid up,Added
drown out,Added
drive down,Added
spin off,Added
marry in,Added
sort through,Added
factor into,Added
seal in,Added
mope about,Added
slacken off,Added
chat up,Added
mount up,Added
bear on,Added
haul off,Added
lead to,Added
liven up,Added
brick up,Added
set off against,Added
clean up,Added
parcel out,Added
hit out,Added
load down,Added
square off,Added
pit against,Added
pension off,Added
date back to,Added
abide by,Added
happen to,Added
bat around,Added
happen on,Added
contract out,Added
beat off,Added
inquire after,Added
spill over,Added
buzz off,Added
join with,Added
root out,Added
swan in,Added
linger on,Added
ride up,Added
pile into,Added
go back to,Added
weigh out,Added
soldier on,Added
chalk up,Added
take off,Added
tear off,Added
stare down,Added
hold over,Added
hide away,Added
die away,Added
bundle up,Added
stir up,Added
give way to,Added
copy in,Added
wash over,Added
measure up,Added
let in,Added
pay up,Added
bounce into,Added
pull up,Added
fly about,Added
drag in,Added
get around,Added
mark down,Added
print out,Added
plunge in,Added
fill in for,Added
build up to,Added
stand aside,Added
stave in,Added
draw even,Added
trickle up,Added
slam out,Added
back down,Added
tax with,Added
move on,Added
snap off,Added
ring out,Added
argue out,Added
look over,Added
slip away,Added
close down,Added
run away with,Added
credit with,Added
drive at,Added
play off against,Added
look on as,Added
partition off,Added
calm down,Added
spit up,Added
push through,Added
buoy up,Added
whack off,Added
strike down,Added
have out,Added
report to,Added
lord it over,Added
move away from,Added
wash up,Added
walk in on,Added
sleep around,Added
take aback,Added
touch down,Added
scout about,Added
set against,Added
grow into,Added
choke down,Added
look round,Added
bubble with,Added
keep on,Added
lead up to,Added
fit out with,Added
work on,Added
talk at,Added
cling on to,Added
lighten up,Added
drive back,Added
double for,Added
bundle out,Added
be up,Added
pick through,Added
get down,Added
throw off at,Added
quarrel with,Added
walk on,Added
follow on,Added
go on to,Added
lay on,Added
pucker up,Added
turn off,Added
skive off,Added
pass over,Added
chew out,Added
put over,Added
live up to,Added
copy out,Added
fathom out,Added
push about,Added
knock around,Added
drop over,Added
look out for,Added
poke at,Added
tense up,Added
come up for,Added
roll out,Added
have it out with,Added
sleep away,Added
whip out,Added
splash down,Added
win round,Added
zip through,Added
knock out,Added
fall through,Added
throw off,Added
get onto,Added
weasel out of,Added
slip through,Added
fuck off,Added
kick around with,Added
put down to,Added
limber up for,Added
ask for,Added
branch out,Added
get down on,Added
calculate on,Added
stump up,Added
lock down,Added
come by,Added
fall about,Added
take up,Added
plough up,Added
talk back,Added
pronounce on,Added
click through,Added
rub off,Added
break through,Added
plump down,Added
rain out,Added
partake of,Added
stretcher off,Added
land with,Added
lift off,Added
get at,Added
pore over,Added
budge up,Added
pull round,Added
profit from,Added
hit out at,Added
look back,Added
finish off,Added
put around,Added
back out,Added
rejoice in,Added
tootle off,Added
shove over,Added
close in upon,Added
clock out,Added
hear of,Added
thrust upon,Added
plug into,Added
bank on,Added
tick by,Added
sign off,Added
burn off,Added
sleep with,Added
rub in,Added
wear down,Added
free up,Added
choke back,Added
pluck at,Added
slip by,Added
leave off,Added
come on to,Added
lay before,Added
pull to,Added
tick off,Added
mow down,Added
wear on,Added
get along with,Added
push away,Added
key in,Added
mug up on,Added
bargain down,Added
blow off,Added
dip into,Added
read back,Added
get off on,Added
bob up,Added
clean down,Added
come to,Added
crowd in,Added
rush away,Added
score out,Added
be up to,Added
leaf through,Added
hang up,Added
look upon,Added
fire away,Added
fire back at,Added
talk over,Added
wig out,Added
go down as,Added
jump off,Added
pick at,Added
push aside,Added
pump (money) into,Added
pace out,Added
move off,Added
phone through,Added
cut out on,Added
win back,Added
fool around,Added
staff up,Added
shake out,Added
double as,Added
fade out,Added
come in for,Added
floor it,Added
drive by,Added
divide into,Added
keep around,Added
hang with,Added
move away,Added
damp down,Added
push along,Added
look down on,Added
size up,Added
forge ahead,Added
weigh down,Added
throw aside,Added
put in,Added
add up to,Added
face up to,Added
soften up,Added
hurry up,Added
count in,Added
sober up,Added
get away from,Added
stop around,Added
chill out,Added
press on,Added
count among,Added
grow apart,Added
file away,Added
favour with,Added
book into,Added
scratch out,Added
bully off,Added
put in for,Added
burn away,Added
sponge off,Added
ask round,Added
plough back,Added
complain of,Added
vouch for,Added
trim down,Added
wipe off,Added
lose out on,Added
hand out,Added
type up,Added
catch up with,Added
bang out,Added
change down,Added
get along,Added
believe in,Added
bang about,Added
pit out,Added
sign away,Added
latch on to,Added
stamp out,Added
toss around,Added
waltz through,Added
slim down,Added
flag down,Added
prop up,Added
put towards,Added
clock off,Added
lean on,Added
stick by,Added
lock in,Added
come under,Added
lock into,Added
start on,Added
gasp out,Added
go back on,Added
crumb down,Added
swell up,Added
sit out,Added
dine out on,Added
have over,Added
pack into,Added
rub it in,Added
turn on,Added
declare against,Added
copy to,Added
pay for,Added
shut out,Added
pose as,Added
walk into,Added
slug it out,Added
punch up,Added
hammer out,Added
mess over,Added
ice up,Added
mete out,Added
revolve around,Added
man down,Added
think ahead,Added
spy on,Added
tidy out,Added
latch on,Added
wave on,Added
stay away from,Added
get by,Added
enter for,Added
draw in,Added
white out,Added
gobble down,Added
take back,Added
measure off,Added
play with,Added
muscle in,Added
sing along,Added
punch in,Added
burn down,Added
bore into,Added
mess around,Added
rush around,Added
read off,Added
start on at,Added
devolve to,Added
warm up,Added
gum up,Added
help out,Added
act out,Added
tear up,Added
swing at,Added
cash in,Added
bed out,Added
stick up for,Added
get in with,Added
scale down,Added
seize on,Added
plunk down,Added
drop in,Added
grow together,Added
lose out,Added
rest up,Added
flesh out,Added
gut out,Added
kick in,Added
warn away,Added
stop on,Added
change back,Added
launch out,Added
urge upon,Added
enter into,Added
get away with,Added
pack off,Added
cross over,Added
muscle into,Added
come off it,Added
search out,Added
land in,Added
blow up,Added
front up,Added
touch for,Added
come after,Added
thrive on,Added
move into,Added
sit by,Added
breathe out,Added
tick along,Added
match up,Added
land on,Added
hunt out,Added
tell apart,Added
run down,Added
stick with,Added
roll on!,Added
rush off,Added
fritter away,Added
phone up,Added
swing round,Added
pop down,Added
rule in,Added
knuckle down,Added
cry out,Added
scout around,Added
call around,Added
nibble away at,Added
give in to,Added
stuff up,Added
ring round,Added
book on,Added
look at,Added
fall down,Added
settle in,Added
send off for,Added
ring around,Added
clean up after,Added
tickle up,Added
tie in,Added
hang back from,Added
amount to,Added
hoover up,Added
bleep out,Added
bone up,Added
soup up,Added
press ahead,Added
talk yourself out,Added
creep out,Added
switch on,Added
score off,Added
pile on,Added
flip off,Added
make away with,Added
order about,Added
shut yourself away,Added
think over,Added
play upon,Added
leak out,Added
leap on,Added
gang up,Added
round down,Added
board up,Added
give yourself up,Added
foist on,Added
hang over,Added
engage with,Added
leap upon,Added
line up,Added
trail off,Added
hanker after,Added
carry over,Added
get past,Added
run off with,Added
ferret out,Added
take it out on,Added
contract in,Added
return to,Added
double back,Added
figure on,Added
dream away,Added
cast about for,Added
rack up,Added
hand down,Added
permit of,Added
sniff around,Added
divide up,Added
drop someone in it,Added
bottle up,Added
declare for,Added
winnow down,Added
fold up,Added
gallop through,Added
puff out,Added
draw up,Added
hold on,Added
feed up,Added
pound out,Added
slice off,Added
keep out of,Added
send in,Added
run around with,Added
tot up,Added
knock off,Added
bowl out,Added
shut away,Added
look out,Added
save on,Added
rig out,Added
bang up,Added
fit into,Added
lounge around,Added
tip over,Added
piss about,Added
parachute in,Added
give up to,Added
while away,Added
stamp on,Added
make towards,Added
scrape into,Added
leave aside,Added
shoot through,Added
smash down,Added
get together,Added
order up,Added
sift through,Added
use up,Added
make with,Added
tap off with,Added
have round,Added
fish out,Added
flash back,Added
time out,Added
romp in,Added
note down,Added
chow down on,Added
pull in,Added
associate with,Added
work up,Added
pack up,Added
goof around,Added
dash off,Added
toss about,Added
lock out,Added
marry up,Added
tag along,Added
let off,Added
leave out,Added
go for,Added
tire out,Added
kick up,Added
tee off,Added
slob about,Added
step in,Added
belt up,Added
bow out,Added
talk out of,Added
hold in,Added
stretch out,Added
vote off,Added
cover up,Added
play at,Added
test out,Added
wheel round,Added
come down on,Added
mess up,Added
get in on,Added
swarm with,Added
root about,Added
hold on to,Added
peel away from,Added
romp ahead,Added
bargain for,Added
sweep aside,Added
force up,Added
rake over,Added
clag up,Added
double up as,Added
peter out,Added
grind down,Added
side with,Added
fiddle around,Added
nerd out,Added
bust out,Added
take on,Added
hash up,Added
double down,Added
strip off,Added
order out,Added
dry off,Added
live for,Added
pass around,Added
reach out to,Added
blare out,Added
stay behind,Added
bear out,Added
get it up,Added
eat into,Added
wire up,Added
bugger up,Added
stack up against,Added
tone down,Added
be along,Added
move down,Added
insist on,Added
lay aside,Added
rattle on,Added
weasel out,Added
plaster over,Added
sign for,Added
check by,Added
band together,Added
walk away from,Added
drink in,Added
throw yourself into,Added
bring about,Added
verge on,Added
come out of,Added
water down,Added
sneak up on,Added
strike off,Added
pop in,Added
sniff at,Added
sack out,Added
home in on,Added
cobble together,Added
come for,Added
hang onto,Added
cheat out of,Added
talk through,Added
run into,Added
stand back,Added
push out,Added
fink out,Added
chime in,Added
call off,Added
cut over,Added
prick out,Added
rattle out,Added
skin up,Added
beat up on,Added
hold down,Added
zoom in on,Added
blaze away,Added
sketch in,Added
cheer up,Added
peel off from,Added
edge up,Added
sit over,Added
nod through,Added
set upon,Added
cozy up,Added
order off,Added
pick yourself up,Added
hatch out,Added
sneak up,Added
shoot up,Added
saw off,Added
mark as,Added
guard against,Added
push back,Added
sit in on,Added
lock yourself away,Added
take away,Added
plumb in,Added
pat down,Added
cheat on,Added
light out,Added
blow apart,Added
man up,Added
choke up,Added
get off!,Added
make of,Added
ease up,Added
lie in,Added
walk through,Added
lead into,Added
pare back,Added
step forward,Added
break with,Added
give it up to,Added
bash out,Added
brighten up,Added
brush away,Added
look up to,Added
rule out,Added
look ahead,Added
sweeten up,Added
rest with,Added
jerk off,Added
derogate from,Added
iron out,Added
have away,Added
make do with,Added
follow around,Added
sit back,Added
open up,Added
flip out,Added
carry forward,Added
drop through,Added
kip down,Added
write up,Added
provide for,Added
cast on,Added
sign over,Added
scratch around for,Added
descend to,Added
bring over,Added
want out,Added
back away,Added
peg away,Added
gouge out,Added
squeeze in,Added
perk up,Added
wash out,Added
creep out on,Added
stick to,Added
look upon as,Added
rip on,Added
inform on,Added
talk into,Added
change over,Added
sit for,Added
talk down,Added
square up,Added
close off,Added
meet up with,Added
store away,Added
key down,Added
faff about,Added
hang out,Added
cast around for,Added
pep up,Added
write back,Added
buff up,Added
post up,Added
come up against,Added
sell off,Added
puzzle out,Added
go under,Added
force upon,Added
chime in with,Added
flare up,Added
send down,Added
think out,Added
write down,Added
file down,Added
pay out,Added
key up,Added
hinge on,Added
hoe in,Added
go back,Added
spy out,Added
pop up,Added
slip out of,Added
head up,Added
goof up,Added
give onto,Added
be snowed under,Added
tick over,Added
press upon,Added
nose around,Added
stand up to,Added
pen up,Added
run around,Added
jolly up,Added
bugger about,Added
eat away,Added
settle for,Added
ask in,Added
flare out,Added
rough out,Added
nose about,Added
pull together,Added
leap in,Added
bottle away,Added
pick over,Added
carve out,Added
centre around,Added
go against,Added
come forth with,Added
tear apart,Added
slag off,Added
flip through,Added
pig out,Added
end in,Added
swear in,Added
jump at,Added
start in,Added
bring around,Added
spring on,Added
bring through,Added
set out,Added
put back,Added
crack on,Added
dine on,Added
dream of,Added
sod off,Added
barge into,Added
tell off,Added
live out,Added
rub down,Added
chew on,Added
throw back on,Added
turn in,Added
do out of,Added
go out for,Added
cut out,Added
rinse out,Added
reckon with,Added
mop up,Added
allow of,Added
go down to,Added
crowd out,Added
brave out,Added
face off,Added
string together,Added
cry out for,Added
freeze out,Added
stoop down,Added
slow up,Added
tail off,Added
rabbit on,Added
push ahead,Added
result in,Added
sweep over,Added
shove off,Added
pony up,Added
kip down on,Added
admit of,Added
puzzle over,Added
last out,Added
drop out,Added
rein in,Added
glom onto,Added
worm out of,Added
dawn on,Added
inquire into,Added
manage down,Added
weigh into,Added
colour up,Added
rattle off,Added
rush in,Added
name after,Added
switch over,Added
scare up,Added
gross out,Added
let up on,Added
toss off,Added
touch up,Added
switch off,Added
vamp up,Added
see off,Added
win out,Added
read up on,Added
arrive at,Added
hit for,Added
knuckle under,Added
spill out,Added
hold together,Added
wimp out,Added
wait upon,Added
do without,Added
eke out,Added
check up,Added
breeze into,Added
jabber away,Added
pull over,Added
nip off,Added
finish up,Added
race off,Added
hold against,Added
trip up,Added
face down,Added
argue down,Added
drag by,Added
hollow out,Added
skate around,Added
peal out,Added
cost up,Added
fall over,Added
go off,Added
credit to,Added
ring up,Added
send back,Added
