abide by,Added
ache for,Added
act on,Added
act out,Added
add on,Added
add up,Added
add up to,Added
agree with,Added
allow for,Added
allow of,Added
angle for,Added
answer back,Added
answer for,Added
argue out,Added
ask for,Added
ask out,Added
back away,Added
back down,Added
back off,Added
back out,Added
back up,Added
bail out,Added
balls up,Added
bang on,Added
bang out,Added
bang up,Added
bank on,Added
bargain on,Added
barge in,Added
bash out,Added
bawl out,Added
be down on,Added
beam up,Added
bear on,Added
bear out,Added
bear up,Added
bear with,Added
beat down,Added
beat out,Added
beat up,Added
bed out,Added
beef up,Added
belong to,Added
belt out,Added
belt up,Added
black out,Added
blank out,Added
block in,Added
block off,Added
block out,Added
blow away,Added
blow in,Added
blow off,Added
blow out,Added
blow up,Added
board out,Added
boil down,Added
boil down to,Added
bone up,Added
book in,Added
border on,Added
bottle out,Added
bottle up,Added
bounce back,Added
bounce off,Added
bow down to,Added
bow out,Added
bow to,Added
bowl out,Added
bowl over,Added
box in,Added
branch out,Added
break away,Added
break down,Added
break for,Added
break in,Added
break into,Added
break off,Added
break out,Added
break through,Added
break up,Added
breeze through,Added
bring about,Added
bring along,Added
bring back,Added
bring down,Added
bring forth,Added
bring forward,Added
bring in,Added
bring off,Added
bring on,Added
bring out,Added
bring round,Added
bring up,Added
brush off,Added
brush up,Added
buck up,Added
buckle down,Added
buckle up,Added
budge up,Added
bug out,Added
build around,Added
build in,Added
build on,Added
build up,Added
bump into,Added
bump off,Added
bump up,Added
bundle off,Added
bundle up,Added
burn down,Added
burn off,Added
burn out,Added
burst into,Added
bust up,Added
butt in,Added
butt out,Added
butter up,Added
buy into,Added
buy off,Added
buy out,Added
buzz off,Added
call after,Added
call back,Added
call for,Added
call forth,Added
call in,Added
call off,Added
call on,Added
call out,Added
call up,Added
calm down,Added
cancel out,Added
cap off,Added
care for,Added
carry forward,Added
carry off,Added
carry on,Added
carry out,Added
carry over,Added
carry through,Added
cart off,Added
carve out,Added
carve up,Added
cash in,Added
cash up,Added
cast aside,Added
cast off,Added
cast out,Added
catch at,Added
catch on,Added
catch out,Added
catch up,Added
catch up with,Added
cater for,Added
cater to,Added
change over,Added
chase down,Added
chase up,Added
chat up,Added
cheat on,Added
check in,Added
check into,Added
check off,Added
check out,Added
check over,Added
check up on,Added
cheer on,Added
cheer up,Added
chew on,Added
chew out,Added
chew over,Added
chime in,Added
chip in,Added
chop down,Added
chuck away,Added
chuck in,Added
chuck out,Added
chuck up,Added
churn out,Added
claw back,Added
clean out,Added
clean up,Added
clear away,Added
clear off,Added
clear out,Added
clear up,Added
climb down,Added
clock in,Added
clock off,Added
clock up,Added
close down,Added
close in,Added
close off,Added
close out,Added
close up,Added
cock up,Added
come about,Added
come across,Added
come along,Added
come apart,Added
come back,Added
come by,Added
come down,Added
come down on,Added
come down to,Added
come from,Added
come in,Added
come in for,Added
come into,Added
come off,Added
come on,Added
come out,Added
come out of,Added
come over,Added
come round,Added
come through,Added
come to,Added
come up,Added
come up with,Added
come upon,Added
conjure up,Added
conk out,Added
contract in,Added
contract out,Added
cool down,Added
cool off,Added
cop it,Added
cop off,Added
cop out,Added
cough up,Added
count against,Added
count down,Added
count in,Added
count on,Added
count out,Added
cover for,Added
cover up,Added
crack on,Added
crack up,Added
crank out,Added
crank up,Added
crash out,Added
cream off,Added
creep in,Added
creep out,Added
creep up on,Added
crop up,Added
cross off,Added
cross out,Added
cry off,Added
cry out,Added
cuddle up,Added
cut across,Added
cut back,Added
cut down,Added
cut in,Added
cut off,Added
cut out,Added
cut through,Added
cut up,Added
dash off,Added
deal in,Added
deal with,Added
decide on,Added
deck out,Added
dial up,Added
die away,Added
die out,Added
dig in,Added
dig into,Added
dig out,Added
dig up,Added
dime out,Added
dine out,Added
dip into,Added
dip out,Added
disagree with,Added
dive in,Added
dive into,Added
do away with,Added
do in,Added
do out of,Added
do over,Added
do up,Added
do with,Added
do without,Added
double back,Added
double down,Added
double over,Added
doze off,Added
drag on,Added
draw back,Added
draw down,Added
draw in,Added
draw on,Added
draw out,Added
draw up,Added
dream up,Added
dredge up,Added
dress down,Added
dress up,Added
drift off,Added
drill down,Added
drill into,Added
drive away,Added
drive by,Added
drive off,Added
drive out,Added
drive up,Added
drone on,Added
drop away,Added
drop back,Added
drop by,Added
drop in,Added
drop off,Added
drop out,Added
drum into,Added
drum out,Added
drum up,Added
dry out,Added
dry up,Added
duck out of,Added
dump on,Added
dust down,Added
dust off,Added
dwell on,Added
ease off,Added
ease up,Added
eat away,Added
eat in,Added
eat out,Added
eat up,Added
edge out,Added
embark on,Added
end in,Added
end up,Added
enter into,Added
eye up,Added
face off,Added
fall apart,Added
fall back,Added
fall behind,Added
fall down,Added
fall for,Added
fall into,Added
fall out,Added
farm out,Added
fart about,Added
fasten on,Added
fatten up,Added
feed off,Added
feed up,Added
feel up,Added
fence in,Added
ferret out,Added
fetch up,Added
fiddle around,Added
fight back,Added
fight off,Added
figure on,Added
figure out,Added
file for,Added
fill in,Added
fill out,Added
filter out,Added
find out,Added
finish off,Added
finish up,Added
finish with,Added
fire away,Added
fire off,Added
fire up,Added
firm up,Added
fish out,Added
fit in,Added
fit in with,Added
fit out,Added
fit up,Added
fix up,Added
flag down,Added
flag up,Added
flake out,Added
flick through,Added
flip off,Added
flip through,Added
fly at,Added
fly by,Added
fold up,Added
follow on,Added
follow through,Added
follow up,Added
fool around,Added
fool with,Added
forge ahead,Added
fork out,Added
freeze out,Added
freeze over,Added
freeze up,Added
freshen up,Added
front for,Added
front up,Added
frown on,Added
gear up,Added
get about,Added
get across,Added
get after,Added
get ahead,Added
get along,Added
get around,Added
get at,Added
get away,Added
get away from,Added
get away with,Added
get back,Added
get behind,Added
get by,Added
get down,Added
get down on,Added
get down to,Added
get in,Added
get in on,Added
get in with,Added
get into,Added
get it,Added
get off,Added
get off with,Added
get on,Added
get onto,Added
get out,Added
get out of,Added
get over,Added
get through,Added
get to,Added
get together,Added
get up,Added
get up to,Added
gin up,Added
give away,Added
give back,Added
give in,Added
give off,Added
give out,Added
give over,Added
give over to,Added
give up,Added
give up on,Added
give up to,Added
gloss over,Added
go about,Added
go after,Added
go against,Added
go ahead,Added
go around,Added
go away,Added
go back,Added
go by,Added
go down,Added
go down on,Added
go for,Added
go in for,Added
go in with,Added
go into,Added
go off,Added
go off with,Added
go on,Added
go out,Added
go over,Added
go over to,Added
go through,Added
go to,Added
go up,Added
go with,Added
go without,Added
goof around,Added
goof off,Added
grasp at,Added
grass up,Added
grind away,Added
grind down,Added
grind out,Added
grow into,Added
grow out of,Added
grow together,Added
grow up,Added
grow up on,Added
gun for,Added
hack up,Added
hammer into,Added
hammer out,Added
hand back,Added
hand down,Added
hand in,Added
hand on,Added
hand out,Added
hand over,Added
hang about,Added
hang around,Added
hang back,Added
hang on,Added
hang onto,Added
hang out,Added
hang up,Added
have in,Added
have on,Added
head off,Added
hear from,Added
hear of,Added
hear out,Added
hem in,Added
hide away,Added
hide out,Added
hit back,Added
hit for,Added
hit on,Added
hit with,Added
hold against,Added
hold back,Added
hold down,Added
hold forth,Added
hold off,Added
hold on,Added
hold out,Added
hold out for,Added
hold over,Added
hold to,Added
hold together,Added
hold up,Added
hold with,Added
hollow out,Added
hone in on,Added
hook into,Added
hook up,Added
hunt down,Added
hunt out,Added
hunt up,Added
hush up,Added
iron out,Added
issue forth,Added
jam on,Added
jerk around,Added
jerk off,Added
jog along,Added
join in,Added
juice up,Added
jump at,Added
jump in,Added
jump on,Added
keel over,Added
keep away,Added
keep back,Added
keep down,Added
keep from,Added
keep in,Added
keep in with,Added
keep off,Added
keep on,Added
keep out,Added
keep to,Added
keep up,Added
key to,Added
kick around,Added
kick back,Added
kick in,Added
kick off,Added
kick out,Added
kick up,Added
kill off,Added
kiss off,Added
kiss up to,Added
knock around,Added
knock back,Added
knock down,Added
knock off,Added
knock out,Added
knock over,Added
knock together,Added
knock up,Added
land with,Added
lap up,Added
lash down,Added
lash out,Added
latch on,Added
latch onto,Added
laugh off,Added
lay down,Added
lay into,Added
lay off,Added
lay on,Added
lay out,Added
lead on,Added
lead to,Added
leak out,Added
lean on,Added
leap on,Added
leave out,Added
let down,Added
let in,Added
let in on,Added
let off,Added
let on,Added
let out,Added
level off,Added
level up,Added
level with,Added
lie down,Added
lie with,Added
lighten up,Added
line up,Added
listen up,Added
live by,Added
live down,Added
live for,Added
live off,Added
live on,Added
live out,Added
live up to,Added
live with,Added
load up on,Added
lock away,Added
lock down,Added
lock in,Added
lock up,Added
log off,Added
log on,Added
look after,Added
look back,Added
look down on,Added
look for,Added
look in,Added
look into,Added
look on,Added
look out,Added
look out for,Added
look over,Added
look through,Added
look to,Added
look up,Added
look up to,Added
loosen up,Added
lose out,Added
make after,Added
make away with,Added
make for,Added
make into,Added
make it,Added
make of,Added
make off,Added
make off with,Added
make out,Added
make over,Added
make up,Added
make up to,Added
man up,Added
mark down,Added
mark out,Added
mark up,Added
marry off,Added
marry up,Added
measure out,Added
measure up,Added
meet up,Added
meet with,Added
melt down,Added
mill around,Added
miss out,Added
mix up,Added
mock up,Added
mooch around,Added
mop up,Added
mope around,Added
mount up,Added
mouth off,Added
move along,Added
move away,Added
move in,Added
move in on,Added
move into,Added
move on,Added
move out,Added
move up,Added
muddle along,Added
muddle through,Added
mug up,Added
nail down,Added
narrow down,Added
nod off,Added
nod through,Added
nose around,Added
nose out,Added
open up,Added
opt in,Added
opt out,Added
order around,Added
order up,Added
own up,Added
pack away,Added
pack in,Added
pack off,Added
pack up,Added
pad out,Added
pair off,Added
palm off,Added
paper over,Added
part with,Added
pass away,Added
pass by,Added
pass down,Added
pass for,Added
pass off,Added
pass on,Added
pass out,Added
pass over,Added
pass round,Added
pass through,Added
pass up,Added
pat down,Added
patch together,Added
patch up,Added
pay back,Added
pay into,Added
pay off,Added
peck at,Added
peel off,Added
peel out,Added
peg away,Added
peg out,Added
pen in,Added
pencil in,Added
phase in,Added
phase out,Added
pick at,Added
pick off,Added
pick on,Added
pick out,Added
pick through,Added
pick up,Added
pick up on,Added
pig off,Added
pig out,Added
pile in,Added
pile into,Added
pile on,Added
pile out,Added
pin down,Added
pin on,Added
pin up,Added
pine for,Added
pipe down,Added
pipe up,Added
pit against,Added
pitch in,Added
pitch into,Added
play about,Added
play along,Added
play around,Added
play at,Added
play down,Added
play on,Added
play out,Added
play up,Added
play up to,Added
play with,Added
plough back,Added
plough into,Added
plough on,Added
plough through,Added
plough up,Added
pluck at,Added
plug in,Added
plug into,Added
plump for,Added
point out,Added
poke around,Added
polish off,Added
poop out,Added
pop off,Added
pop up,Added
potter about,Added
power down,Added
power up,Added
press ahead,Added
press for,Added
press on,Added
prop up,Added
pull ahead,Added
pull apart,Added
pull away,Added
pull back,Added
pull down,Added
pull for,Added
pull off,Added
pull on,Added
pull out,Added
pull through,Added
pull together,Added
pull up,Added
pump out,Added
pump up,Added
push ahead,Added
push around,Added
push in,Added
push off,Added
push on,Added
push through,Added
put across,Added
put away,Added
put back,Added
put down,Added
put down to,Added
put forward,Added
put in,Added
put in for,Added
put off,Added
put on,Added
put out,Added
put over,Added
put through,Added
put together,Added
put up,Added
put up to,Added
put up with,Added
quarrel with,Added
rack up,Added
rake in,Added
rake off,Added
rake over,Added
rake up,Added
ramble on,Added
rap out,Added
rattle off,Added
reach out,Added
reason out,Added
reckon on,Added
reel off,Added
reel out,Added
ride on,Added
ride out,Added
ring back,Added
ring in,Added
ring off,Added
ring out,Added
ring round,Added
ring up,Added
rip off,Added
rise to,Added
rock up,Added
roll back,Added
roll in,Added
roll on,Added
roll out,Added
roll up,Added
romp through,Added
root for,Added
root out,Added
rope in,Added
round down,Added
round off,Added
round on,Added
round out,Added
round up,Added
row back,Added
rub along,Added
rub in,Added
rub out,Added
rule out,Added
run across,Added
run after,Added
run along,Added
run around,Added
run away,Added
run by,Added
run down,Added
run in,Added
run into,Added
run off,Added
run on,Added
run over,Added
run through,Added
run to,Added
run up,Added
rush into,Added
rush out,Added
rustle up,Added
sack out,Added
saddle with,Added
sail through,Added
salt away,Added
save on,Added
scale down,Added
scale up,Added
scare away,Added
scout out,Added
scrape by,Added
scrape in,Added
scrape into,Added
scrape through,Added
scrape together,Added
screen off,Added
screen out,Added
screw around,Added
screw over,Added
screw up,Added
see about,Added
see off,Added
see out,Added
see through,Added
see to,Added
seek out,Added
sell out,Added
send back,Added
send for,Added
send in,Added
send off,Added
send out,Added
send out for,Added
send up,Added
set about,Added
set apart,Added
set aside,Added
set back,Added
set forth,Added
set off,Added
set on,Added
set out,Added
set to,Added
set up,Added
set upon,Added
settle down,Added
settle for,Added
settle in,Added
settle on,Added
settle up,Added
sex up,Added
shake down,Added
shake up,Added
shape up,Added
shave off,Added
shell out,Added
ship off,Added
ship out,Added
shoot for,Added
shoot off,Added
shoot out,Added
shoot up,Added
shop around,Added
shout out,Added
show around,Added
show in,Added
show off,Added
show out,Added
show up,Added
shrug off,Added
shut away,Added
shut down,Added
shut in,Added
shut off,Added
shut out,Added
shut up,Added
shy away,Added
sign in,Added
sign off,Added
sign on,Added
sign out,Added
sign up,Added
simmer down,Added
sing out,Added
single out,Added
sink in,Added
sit around,Added
sit back,Added
sit by,Added
sit down,Added
sit in for,Added
sit in on,Added
sit on,Added
sit out,Added
sit through,Added
sit up,Added
size up,Added
skive off,Added
slack off,Added
sleep around,Added
sleep on,Added
slice off,Added
slip away,Added
slip into,Added
slip off,Added
slip on,Added
slip up,Added
slope off,Added
slough off,Added
smack of,Added
smash down,Added
smash in,Added
smash up,Added
smoke out,Added
snap up,Added
sniff around,Added
sniff out,Added
snuff out,Added
soak up,Added
soften up,Added
sort out,Added
sound off,Added
sound out,Added
speak out,Added
speak to,Added
speak up,Added
speed up,Added
spell out,Added
spill over,Added
spin off,Added
spin out,Added
spit out,Added
splash out,Added
split up,Added
sponge off,Added
spring for,Added
spring from,Added
spring on,Added
spring up,Added
square away,Added
square off,Added
square with,Added
stack up,Added
stamp out,Added
stand aside,Added
stand back,Added
stand by,Added
stand down,Added
stand for,Added
stand off,Added
stand out,Added
stand up,Added
stand up to,Added
stare down,Added
start off,Added
start on,Added
start out,Added
start over,Added
start up,Added
stay away,Added
stay away from,Added
stay in,Added
stay on,Added
stay out,Added
stay over,Added
stay up,Added
stem from,Added
step aside,Added
step back,Added
step forward,Added
step in,Added
step out,Added
step up,Added
stick around,Added
stick at,Added
stick by,Added
stick down,Added
stick out,Added
stick out for,Added
stick to,Added
stick up,Added
stick with,Added
stir up,Added
stitch up,Added
stop in,Added
stop off,Added
stop out,Added
stop over,Added
store up,Added
stow away,Added
straighten out,Added
straighten up,Added
stretch out,Added
strike back,Added
strike down,Added
strike off,Added
strike on,Added
strike out,Added
strike up,Added
string along,Added
string out,Added
string together,Added
string up,Added
strip away,Added
strip down,Added
strip off,Added
stub out,Added
stuff up,Added
stumble across,Added
stump up,Added
suck in,Added
suck up,Added
suit up,Added
swallow up,Added
swear by,Added
swear in,Added
swear off,Added
swing by,Added
switch off,Added
switch over,Added
tack on,Added
tag along,Added
tag on,Added
tail back,Added
tail off,Added
take after,Added
take apart,Added
take back,Added
take down,Added
take for,Added
take in,Added
take off,Added
take on,Added
take out,Added
take over,Added
take through,Added
take to,Added
take up,Added
talk back,Added
talk down,Added
talk out,Added
talk over,Added
talk round,Added
talk through,Added
tap into,Added
tap out,Added
tap up,Added
tear apart,Added
tear at,Added
tear away,Added
tear down,Added
tear into,Added
tear off,Added
tear up,Added
tell apart,Added
tell off,Added
think over,Added
think through,Added
think up,Added
thrash out,Added
throw away,Added
throw in,Added
throw off,Added
throw on,Added
throw out,Added
throw over,Added
throw together,Added
throw up,Added
tick off,Added
tick over,Added
tidy up,Added
tie down,Added
tie in,Added
tie in with,Added
tie up,Added
tighten up,Added
tip off,Added
tire of,Added
toddle off,Added
tone down,Added
tool up,Added
top off,Added
top up,Added
toss around,Added
toss aside,Added
toss back,Added
toss off,Added
touch for,Added
touch off,Added
touch on,Added
touch up,Added
track down,Added
trade down,Added
trade in,Added
trade off,Added
trade on,Added
trade up,Added
trickle down,Added
trickle up,Added
trip out,Added
trip up,Added
trot out,Added
trump up,Added
try for,Added
try on,Added
try out,Added
tuck away,Added
tuck in,Added
tuck into,Added
tune in,Added
tune out,Added
tune up,Added
turf out,Added
turn against,Added
turn around,Added
turn away,Added
turn down,Added
turn in,Added
turn into,Added
turn off,Added
turn on,Added
turn out,Added
turn over,Added
turn to,Added
turn up,Added
type out,Added
urge on,Added
usher in,Added
wade in,Added
wade through,Added
wait around,Added
wait behind,Added
wait in,Added
wait on,Added
wait out,Added
wait up,Added
wake up,Added
walk away with,Added
walk back,Added
walk into,Added
walk off,Added
walk off with,Added
walk out,Added
walk through,Added
walk up,Added
want out,Added
warm up,Added
wash down,Added
waste away,Added
watch out,Added
watch out for,Added
watch over,Added
water down,Added
wave aside,Added
wave down,Added
wave off,Added
wean off,Added
wear away,Added
wear down,Added
wear out,Added
weasel out of,Added
weed out,Added
weigh in,Added
weigh on,Added
weigh out,Added
weigh up,Added
weird out,Added
wheel around,Added
wheel out,Added
whip into,Added
whip through,Added
whip up,Added
wind down,Added
wind up,Added
winnow down,Added
winnow out,Added
wipe out,Added
wipe up,Added
work off,Added
work on,Added
work out,Added
work over,Added
work through,Added
wrap round,Added
wrap up,Added
write in,Added
write off,Exists
write out,Exists
write up,Added
zero in on,Added
zip it,Added
